AGE;GENDER;STATE;EDUC;MARRIED;JOB;INC;PEOPLE;PINC;CEREAL;ROOT;VEGAN;FRUITS;MEAT;EGGS;MILK;OIL;SUGAR;WELL;CWELL;PWELL;ORG;CORG;PORG;GARDEN;CGARDEN;PGARDEN;VEG;CVEG;PVEG;GARDV1;GARDV2;GARDV3;GARDV4;GARDV5;NGARD;FGARD;INDEXV;INDEXN;VEGROOT;MEETEGG;DEPRATIO
71.0;0.0;CE;22.0;0.0;0.0;19000.0;4.0;2.0;7.0;3.0;6.0;5.0;5.0;6.0;7.0;7.0;5.0;1.0;4.0;3.0;3.0;4.0;2.0;3.0;3.0;2.0;3.0;2.0;3.0;1.0;0.0;0.0;0.0;0.0;0.0;1.0;101.0;3;7.0;7.0;0.5
28.0;1.0;BA;16.0;1.0;1.0;4500.0;2.0;2.0;7.0;4.0;6.0;5.0;4.0;7.0;7.0;4.0;7.0;2.0;3.0;2.0;3.0;4.0;2.0;3.0;3.0;5.0;4.0;2.0;1.0;1.0;0.0;0.0;0.0;1.0;0.0;2.0;89.5;3;7.0;7.0;0.0
31.0;1.0;PE;18.0;0.0;1.0;4500.0;2.0;2.0;7.0;5.0;7.0;5.0;6.0;4.0;6.0;6.0;6.0;3.0;4.0;4.0;5.0;5.0;3.0;5.0;5.0;3.0;5.0;3.0;5.0;1.0;1.0;1.0;0.0;1.0;0.0;4.0;102.5;3;7.0;7.0;0.0
28.0;1.0;SP;16.0;1.0;1.0;10000.0;3.0;2.0;7.0;5.0;7.0;3.0;0.0;7.0;0.0;5.0;7.0;7.0;4.0;3.0;3.0;4.0;1.0;1.0;4.0;1.0;5.0;2.0;1.0;0.0;0.0;0.0;0.0;0.0;1.0;0.0;93.0;3;7.0;7.0;0.3333333333333333
24.0;1.0;PB;14.0;1.0;0.0;10000.0;4.0;1.0;7.0;3.0;3.0;7.0;3.0;5.0;4.0;5.0;3.0;3.0;2.0;3.0;3.0;4.0;3.0;2.0;2.0;4.0;4.0;3.0;1.0;1.0;1.0;0.0;0.0;0.0;0.0;2.0;84.0;3;7.0;7.0;0.75
69.0;1.0;PB;16.0;1.0;0.0;10000.0;1.0;1.0;7.0;7.0;6.0;6.0;6.0;6.0;3.0;7.0;7.0;7.0;4.0;4.0;5.0;4.0;3.0;4.0;4.0;4.0;4.0;3.0;1.0;1.0;0.0;0.0;0.0;1.0;0.0;2.0;107.0;3;7.0;7.0;0.0
46.0;1.0;SP;16.0;0.0;1.0;41250.0;4.0;3.0;7.0;7.0;7.0;7.0;7.0;7.0;7.0;7.0;7.0;7.0;4.0;3.0;3.0;4.0;3.0;3.0;4.0;2.0;4.0;2.0;3.0;1.0;0.0;0.0;1.0;1.0;0.0;3.0;112.0;3;7.0;7.0;0.25
48.0;1.0;PE;16.0;0.0;1.0;13500.0;4.0;1.0;0.0;6.0;1.0;7.0;7.0;7.0;7.0;3.0;4.0;2.0;1.0;2.0;3.0;4.0;2.0;3.0;4.0;2.0;4.0;2.0;3.0;1.0;1.0;0.0;0.0;1.0;0.0;3.0;72.0;3;6.0;7.0;0.75
21.0;1.0;PE;12.0;1.0;0.0;4500.0;4.0;1.0;7.0;5.0;5.0;4.0;6.0;7.0;5.0;7.0;7.0;7.0;4.0;2.0;3.0;4.0;2.0;4.0;3.0;3.0;4.0;2.0;3.0;1.0;0.0;0.0;0.0;0.0;0.0;1.0;102.0;3;7.0;7.0;0.75
20.0;0.0;PE;14.0;1.0;0.0;27500.0;5.0;2.0;7.0;4.0;6.0;7.0;7.0;7.0;7.0;7.0;7.0;7.0;4.0;1.0;1.0;4.0;2.0;3.0;4.0;4.0;3.0;1.0;1.0;1.0;0.0;0.0;0.0;0.0;0.0;1.0;109.0;3;7.0;7.0;0.6
48.0;1.0;PE;16.0;0.0;1.0;41250.0;6.0;5.0;7.0;7.0;5.0;7.0;7.0;7.0;7.0;7.0;7.0;7.0;3.0;2.0;5.0;4.0;2.0;3.0;3.0;3.0;4.0;2.0;2.0;1.0;0.0;0.0;0.0;1.0;0.0;2.0;106.0;3;7.0;7.0;0.1666666666666666
32.0;1.0;RS;18.0;1.0;1.0;8000.0;2.0;2.0;7.0;7.0;7.0;5.0;7.0;5.0;7.0;7.0;7.0;5.0;4.0;4.0;4.0;5.0;3.0;4.0;5.0;3.0;5.0;3.0;3.0;1.0;1.0;0.0;0.0;1.0;0.0;3.0;109.0;3;7.0;7.0;0.0
60.0;1.0;PE;16.0;0.0;1.0;8000.0;2.0;2.0;7.0;7.0;5.0;6.0;7.0;6.0;7.0;6.0;3.0;5.0;4.0;4.0;5.0;4.0;4.0;5.0;3.0;3.0;2.0;2.0;3.0;1.0;0.0;0.0;0.0;0.0;0.0;1.0;98.0;3;7.0;7.0;0.0
73.0;1.0;PE;12.0;0.0;1.0;2500.0;2.0;1.0;4.0;2.0;5.0;3.0;3.0;4.0;4.0;4.0;4.0;7.0;2.0;2.0;4.0;2.0;3.0;3.0;3.0;3.0;1.0;2.0;3.0;1.0;0.0;0.0;0.0;1.0;0.0;2.0;82.5;3;6.0;7.0;0.5
73.0;1.0;PE;12.0;0.0;1.0;2500.0;2.0;1.0;4.0;2.0;5.0;3.0;3.0;4.0;4.0;4.0;4.0;7.0;2.0;2.0;4.0;2.0;3.0;3.0;3.0;3.0;1.0;2.0;3.0;1.0;0.0;0.0;0.0;1.0;0.0;2.0;82.5;3;6.0;7.0;0.5
23.0;1.0;PE;14.0;1.0;0.0;4500.0;2.0;1.0;4.0;2.0;1.0;0.0;3.0;2.0;4.0;5.0;1.0;3.0;3.0;3.0;4.0;3.0;2.0;4.0;3.0;1.0;5.0;4.0;5.0;0.0;1.0;0.0;0.0;1.0;0.0;2.0;64.0;3;6.0;6.0;0.5
64.0;1.0;PE;22.0;1.0;0.0;19000.0;1.0;1.0;7.0;3.0;7.0;7.0;7.0;6.0;4.0;7.0;7.0;3.0;4.0;4.0;5.0;4.0;4.0;4.0;3.0;2.0;4.0;3.0;4.0;1.0;0.0;0.0;0.0;0.0;0.0;1.0;110.0;3;7.0;7.0;0.0
24.0;0.0;PE;14.0;1.0;1.0;4500.0;1.0;1.0;7.0;7.0;2.0;6.0;5.0;7.0;6.0;7.0;4.0;7.0;3.0;4.0;4.0;4.0;3.0;5.0;5.0;2.0;5.0;2.0;3.0;1.0;1.0;0.0;0.0;0.0;0.0;2.0;92.5;3;7.0;7.0;0.0
25.0;1.0;PE;14.0;1.0;1.0;6500.0;2.0;2.0;4.0;6.0;3.0;3.0;2.0;7.0;4.0;7.0;7.0;7.0;3.0;2.0;2.0;3.0;2.0;2.0;1.0;4.0;4.0;2.0;4.0;1.0;1.0;0.0;0.0;1.0;0.0;3.0;91.0;3;7.0;7.0;0.0
49.0;1.0;PE;16.0;1.0;1.0;41250.0;2.0;2.0;7.0;3.0;4.0;7.0;7.0;6.0;5.0;7.0;5.0;1.0;3.0;3.0;4.0;4.0;3.0;4.0;1.0;2.0;5.0;2.0;3.0;0.0;0.0;0.0;0.0;0.0;1.0;0.0;99.0;3;7.0;7.0;0.0
29.0;1.0;RJ;16.0;0.0;0.0;2500.0;2.0;1.0;7.0;4.0;5.0;7.0;0.0;5.0;2.0;5.0;7.0;7.0;4.0;1.0;3.0;5.0;1.0;1.0;5.0;3.0;5.0;2.0;1.0;1.0;0.0;0.0;0.0;1.0;0.0;2.0;91.0;3;7.0;7.0;0.5
57.0;0.0;CE;5.0;0.0;1.0;1500.0;4.0;2.0;6.0;1.0;3.0;7.0;6.0;7.0;4.0;4.0;7.0;3.0;4.0;2.0;3.0;5.0;3.0;4.0;4.0;4.0;4.0;2.0;3.0;0.0;1.0;0.0;0.0;1.0;0.0;2.0;85.0;3;7.0;7.0;0.5
26.0;1.0;PE;14.0;1.0;1.0;1500.0;1.0;0.0;7.0;4.0;5.0;5.0;7.0;7.0;7.0;7.0;7.0;7.0;1.0;1.0;4.0;4.0;3.0;4.0;4.0;4.0;4.0;2.0;4.0;1.0;1.0;0.0;1.0;1.0;0.0;4.0;104.0;3;7.0;7.0;1.0
55.0;1.0;PE;12.0;0.0;1.0;4500.0;2.0;2.0;2.0;6.0;3.0;5.0;7.0;6.0;7.0;3.0;7.0;0.0;2.0;4.0;4.0;3.0;2.0;3.0;2.0;4.0;2.0;1.0;1.0;1.0;1.0;0.0;0.0;0.0;0.0;2.0;78.5;3;7.0;7.0;0.0
26.0;1.0;PE;12.0;1.0;1.0;1500.0;4.0;2.0;7.0;1.0;7.0;6.0;4.0;6.0;5.0;4.0;6.0;2.0;2.0;3.0;5.0;5.0;3.0;4.0;3.0;2.0;3.0;1.0;2.0;1.0;0.0;0.0;1.0;1.0;0.0;3.0;93.0;3;7.0;7.0;0.5
46.0;1.0;PE;16.0;0.0;1.0;2500.0;3.0;2.0;7.0;5.0;6.0;7.0;7.0;7.0;0.0;7.0;3.0;7.0;3.0;3.0;4.0;3.0;3.0;4.0;3.0;4.0;5.0;4.0;3.0;1.0;0.0;0.0;0.0;0.0;0.0;1.0;107.0;3;7.0;7.0;0.3333333333333333
38.0;1.0;PE;16.0;0.0;1.0;1500.0;4.0;1.0;7.0;4.0;5.0;3.0;6.0;7.0;5.0;6.0;7.0;6.0;2.0;3.0;3.0;3.0;2.0;2.0;2.0;1.0;1.0;1.0;1.0;1.0;0.0;0.0;0.0;0.0;0.0;1.0;96.5;3;7.0;7.0;0.75
62.0;1.0;RJ;16.0;0.0;0.0;19000.0;2.0;2.0;7.0;7.0;7.0;7.0;7.0;7.0;4.0;4.0;4.0;0.0;5.0;4.0;4.0;5.0;4.0;4.0;3.0;3.0;5.0;2.0;3.0;0.0;0.0;0.0;0.0;1.0;0.0;1.0;95.0;3;7.0;7.0;0.0
40.0;1.0;PE;16.0;0.0;1.0;4500.0;3.0;2.0;5.0;5.0;5.0;6.0;1.0;6.0;2.0;6.0;4.0;7.0;3.0;2.0;5.0;5.0;3.0;5.0;4.0;3.0;5.0;2.0;2.0;1.0;1.0;0.0;1.0;1.0;0.0;4.0;93.5;3;7.0;7.0;0.3333333333333333
30.0;1.0;PE;18.0;1.0;1.0;4500.0;3.0;2.0;7.0;3.0;2.0;1.0;1.0;7.0;5.0;6.0;7.0;7.0;2.0;2.0;2.0;4.0;2.0;4.0;4.0;4.0;4.0;1.0;1.0;1.0;1.0;0.0;0.0;1.0;0.0;3.0;81.0;3;7.0;7.0;0.3333333333333333
20.0;1.0;PE;12.0;1.0;0.0;19000.0;3.0;1.0;7.0;5.0;5.0;7.0;7.0;7.0;6.0;7.0;7.0;3.0;3.0;2.0;3.0;4.0;3.0;5.0;1.0;2.0;3.0;1.0;1.0;1.0;1.0;0.0;1.0;1.0;0.0;4.0;104.0;3;7.0;7.0;0.6666666666666666
26.0;1.0;PE;14.0;1.0;1.0;6500.0;5.0;2.0;6.0;4.0;5.0;7.0;6.0;7.0;5.0;6.0;5.0;7.0;2.0;2.0;4.0;2.0;2.0;4.0;2.0;3.0;2.0;2.0;2.0;1.0;1.0;0.0;0.0;1.0;0.0;3.0;100.0;3;7.0;7.0;0.6
37.0;1.0;PE;16.0;0.0;1.0;6500.0;4.0;2.0;7.0;4.0;6.0;5.0;5.0;7.0;7.0;7.0;6.0;7.0;1.0;1.0;2.0;4.0;2.0;4.0;4.0;2.0;3.0;1.0;1.0;1.0;0.0;0.0;0.0;1.0;0.0;2.0;104.5;3;7.0;7.0;0.5
50.0;1.0;PE;16.0;1.0;1.0;19000.0;3.0;1.0;7.0;0.0;3.0;2.0;2.0;5.0;0.0;6.0;0.0;4.0;4.0;1.0;1.0;5.0;2.0;1.0;5.0;1.0;5.0;3.0;1.0;1.0;0.0;0.0;0.0;1.0;0.0;2.0;73.0;3;7.0;5.0;0.6666666666666666
49.0;1.0;RJ;14.0;0.0;1.0;4500.0;3.0;1.0;7.0;2.0;5.0;2.0;2.0;4.0;1.0;3.0;7.0;5.0;5.0;4.0;5.0;5.0;3.0;3.0;5.0;3.0;5.0;3.0;5.0;0.0;1.0;0.0;0.0;1.0;0.0;2.0;71.0;3;7.0;5.0;0.6666666666666666
48.0;1.0;RJ;16.0;0.0;0.0;41250.0;3.0;2.0;7.0;7.0;7.0;7.0;7.0;7.0;3.0;7.0;7.0;5.0;2.0;2.0;2.0;5.0;2.0;1.0;5.0;4.0;5.0;1.0;1.0;1.0;1.0;0.0;0.0;1.0;0.0;3.0;111.0;3;7.0;7.0;0.3333333333333333
33.0;1.0;SP;16.0;1.0;1.0;4500.0;2.0;1.0;7.0;4.0;6.0;4.0;4.0;5.0;1.0;7.0;7.0;7.0;2.0;2.0;4.0;1.0;2.0;5.0;5.0;2.0;5.0;1.0;5.0;1.0;1.0;0.0;1.0;1.0;0.0;4.0;99.0;3;7.0;6.0;0.5
62.0;0.0;RJ;18.0;0.0;1.0;41250.0;3.0;2.0;7.0;7.0;7.0;7.0;2.0;7.0;1.0;7.0;7.0;7.0;5.0;1.0;1.0;5.0;1.0;1.0;5.0;4.0;5.0;1.0;1.0;1.0;1.0;0.0;0.0;1.0;0.0;3.0;107.0;3;7.0;7.0;0.3333333333333333
42.0;1.0;PE;22.0;1.0;1.0;6500.0;1.0;0.0;5.0;3.0;5.0;6.0;5.0;2.0;3.0;7.0;5.0;2.0;4.0;5.0;5.0;4.0;3.0;5.0;2.0;3.0;5.0;2.0;4.0;1.0;0.0;0.0;0.0;1.0;0.0;2.0;91.5;3;7.0;5.0;1.0
25.0;0.0;PE;16.0;1.0;1.0;2500.0;2.0;2.0;7.0;1.0;4.0;0.0;0.0;7.0;1.0;7.0;7.0;7.0;2.0;1.0;3.0;2.0;1.0;1.0;2.0;1.0;3.0;1.0;1.0;0.0;0.0;0.0;0.0;1.0;0.0;1.0;89.0;3;7.0;7.0;0.0
31.0;1.0;PE;18.0;0.0;1.0;8000.0;2.0;2.0;6.0;7.0;4.0;7.0;3.0;6.0;5.0;2.0;5.0;1.0;2.0;2.0;4.0;4.0;4.0;4.0;4.0;4.0;4.0;3.0;3.0;1.0;0.0;0.0;1.0;1.0;0.0;3.0;75.0;3;7.0;7.0;0.0
63.0;0.0;RJ;16.0;0.0;1.0;27500.0;3.0;1.0;7.0;6.0;7.0;7.0;3.0;5.0;5.0;5.0;6.0;5.0;2.0;1.0;2.0;4.0;1.0;1.0;2.0;1.0;3.0;1.0;1.0;0.0;0.0;0.0;0.0;0.0;1.0;0.0;98.5;3;7.0;7.0;0.6666666666666666
60.0;0.0;RJ;18.0;0.0;1.0;41250.0;3.0;2.0;7.0;0.0;3.0;5.0;7.0;4.0;2.0;7.0;7.0;1.0;5.0;1.0;1.0;5.0;2.0;1.0;5.0;5.0;2.0;1.0;1.0;1.0;0.0;0.0;0.0;1.0;0.0;2.0;91.0;3;7.0;6.0;0.3333333333333333
21.0;1.0;BA;12.0;0.0;1.0;1500.0;2.0;2.0;7.0;7.0;7.0;3.0;7.0;7.0;7.0;7.0;7.0;2.0;5.0;3.0;1.0;5.0;1.0;1.0;5.0;3.0;5.0;2.0;1.0;1.0;1.0;0.0;1.0;1.0;0.0;4.0;105.5;3;7.0;7.0;0.0
21.0;0.0;PE;14.0;1.0;1.0;13500.0;4.0;3.0;6.0;3.0;6.0;2.0;4.0;7.0;5.0;6.0;4.0;4.0;2.0;2.0;2.0;2.0;2.0;2.0;2.0;2.0;2.0;2.0;1.0;1.0;1.0;0.0;0.0;1.0;0.0;3.0;94.0;3;7.0;7.0;0.25
27.0;1.0;PE;18.0;1.0;1.0;4500.0;4.0;4.0;7.0;2.0;6.0;3.0;4.0;7.0;1.0;5.0;6.0;7.0;2.0;2.0;5.0;3.0;3.0;4.0;4.0;3.0;4.0;2.0;3.0;1.0;0.0;0.0;0.0;1.0;0.0;2.0;93.5;3;7.0;7.0;0.0
30.0;1.0;MS;18.0;0.0;0.0;10000.0;2.0;1.0;7.0;1.0;5.0;7.0;7.0;7.0;7.0;7.0;7.0;1.0;2.0;1.0;3.0;3.0;2.0;3.0;5.0;4.0;3.0;2.0;1.0;0.0;0.0;0.0;0.0;1.0;0.0;1.0;103.0;3;7.0;7.0;0.5
42.0;1.0;PE;12.0;0.0;1.0;1500.0;4.0;1.0;7.0;5.0;4.0;4.0;5.0;7.0;7.0;7.0;7.0;7.0;3.0;3.0;3.0;5.0;4.0;5.0;4.0;4.0;4.0;1.0;2.0;1.0;0.0;0.0;0.0;1.0;0.0;2.0;98.0;3;7.0;7.0;0.75
48.0;1.0;PE;16.0;0.0;1.0;6500.0;6.0;4.0;5.0;7.0;5.0;6.0;7.0;7.0;7.0;7.0;7.0;2.0;5.0;1.0;4.0;4.0;2.0;4.0;5.0;3.0;5.0;1.0;1.0;1.0;0.0;0.0;0.0;0.0;0.0;1.0;102.5;3;7.0;7.0;0.3333333333333333
58.0;1.0;PE;16.0;0.0;1.0;8000.0;3.0;3.0;7.0;7.0;7.0;4.0;7.0;3.0;7.0;1.0;7.0;1.0;4.0;4.0;5.0;5.0;3.0;5.0;2.0;1.0;5.0;3.0;5.0;1.0;0.0;0.0;0.0;0.0;0.0;1.0;82.0;3;7.0;7.0;0.0
34.0;0.0;SP;18.0;1.0;1.0;8000.0;1.0;1.0;7.0;7.0;4.0;7.0;7.0;0.0;7.0;7.0;0.0;7.0;5.0;5.0;4.0;4.0;5.0;5.0;4.0;5.0;4.0;3.0;4.0;0.0;0.0;0.0;0.0;1.0;0.0;1.0;99.5;3;7.0;7.0;0.0
27.0;0.0;PE;18.0;1.0;1.0;2500.0;4.0;3.0;6.0;5.0;5.0;5.0;5.0;7.0;3.0;7.0;7.0;7.0;3.0;3.0;5.0;4.0;4.0;4.0;3.0;4.0;3.0;2.0;3.0;1.0;0.0;0.0;0.0;1.0;0.0;2.0;102.0;3;7.0;7.0;0.25
26.0;1.0;PE;14.0;0.0;1.0;19000.0;3.0;2.0;6.0;3.0;2.0;4.0;6.0;7.0;5.0;3.0;4.0;7.0;3.0;1.0;3.0;4.0;3.0;2.0;3.0;1.0;3.0;2.0;1.0;0.0;0.0;0.0;1.0;1.0;0.0;2.0;75.5;3;7.0;7.0;0.3333333333333333
57.0;1.0;PE;12.0;0.0;1.0;19000.0;3.0;2.0;5.0;5.0;5.0;3.0;7.0;6.0;5.0;5.0;6.0;4.0;3.0;3.0;2.0;4.0;2.0;1.0;2.0;2.0;1.0;1.0;1.0;1.0;0.0;0.0;0.0;0.0;0.0;1.0;92.0;3;7.0;7.0;0.3333333333333333
30.0;1.0;PE;16.0;0.0;1.0;6500.0;2.0;2.0;5.0;7.0;1.0;7.0;2.0;7.0;7.0;7.0;7.0;0.0;2.0;2.0;2.0;3.0;3.0;3.0;2.0;1.0;3.0;1.0;1.0;1.0;1.0;0.0;0.0;1.0;0.0;3.0;85.5;3;7.0;7.0;0.0
37.0;1.0;PE;16.0;0.0;1.0;13500.0;4.0;2.0;7.0;4.0;4.0;6.0;4.0;7.0;7.0;5.0;7.0;7.0;3.0;2.0;3.0;4.0;1.0;3.0;4.0;2.0;3.0;1.0;1.0;1.0;1.0;0.0;0.0;1.0;0.0;3.0;91.0;3;7.0;7.0;0.5
56.0;1.0;RJ;22.0;0.0;1.0;13500.0;4.0;4.0;7.0;4.0;7.0;4.0;7.0;6.0;3.0;3.0;6.0;3.0;5.0;3.0;4.0;5.0;4.0;3.0;3.0;3.0;5.0;2.0;1.0;1.0;1.0;1.0;1.0;1.0;0.0;5.0;90.5;3;7.0;7.0;0.0
45.0;1.0;PE;16.0;0.0;1.0;10000.0;5.0;2.0;7.0;5.0;5.0;4.0;7.0;7.0;7.0;7.0;7.0;4.0;3.0;2.0;3.0;4.0;2.0;3.0;2.0;2.0;2.0;1.0;2.0;0.0;0.0;0.0;0.0;1.0;0.0;1.0;101.5;3;7.0;7.0;0.6
35.0;1.0;PE;22.0;0.0;1.0;13500.0;2.0;2.0;7.0;3.0;5.0;7.0;6.0;7.0;0.0;7.0;3.0;1.0;4.0;3.0;4.0;5.0;2.0;1.0;5.0;5.0;5.0;2.0;1.0;0.0;0.0;0.0;0.0;1.0;0.0;1.0;100.0;3;7.0;7.0;0.0
61.0;1.0;RJ;22.0;0.0;1.0;27500.0;2.0;2.0;7.0;7.0;7.0;7.0;4.0;7.0;5.0;7.0;7.0;2.0;4.0;2.0;2.0;5.0;2.0;4.0;5.0;3.0;5.0;1.0;1.0;1.0;1.0;0.0;0.0;1.0;0.0;3.0;106.5;3;7.0;7.0;0.0
36.0;1.0;PE;16.0;0.0;1.0;13500.0;2.0;2.0;7.0;3.0;3.0;5.0;5.0;7.0;6.0;5.0;5.0;4.0;1.0;1.0;3.0;2.0;2.0;3.0;1.0;1.0;3.0;1.0;2.0;1.0;0.0;0.0;0.0;0.0;0.0;1.0;85.5;3;7.0;7.0;0.0
26.0;1.0;PE;16.0;1.0;1.0;2500.0;2.0;2.0;7.0;4.0;2.0;6.0;7.0;7.0;5.0;6.0;7.0;7.0;1.0;1.0;5.0;4.0;2.0;3.0;4.0;3.0;4.0;2.0;3.0;1.0;1.0;0.0;1.0;1.0;0.0;4.0;92.0;3;7.0;7.0;0.0
19.0;1.0;PE;14.0;1.0;1.0;10000.0;3.0;3.0;6.0;4.0;4.0;6.0;3.0;6.0;5.0;7.0;7.0;5.0;5.0;4.0;3.0;5.0;3.0;4.0;4.0;2.0;5.0;3.0;3.0;0.0;1.0;0.0;0.0;1.0;0.0;2.0;97.0;3;7.0;7.0;0.0
27.0;1.0;PE;14.0;0.0;1.0;4500.0;2.0;1.0;7.0;3.0;6.0;6.0;7.0;2.0;7.0;6.0;7.0;7.0;4.0;2.0;3.0;4.0;2.0;3.0;5.0;2.0;4.0;2.0;3.0;1.0;1.0;0.0;1.0;1.0;0.0;4.0;104.0;3;7.0;7.0;0.5
19.0;1.0;PE;14.0;1.0;0.0;4500.0;5.0;4.0;7.0;2.0;4.0;4.0;3.0;2.0;5.0;5.0;7.0;6.0;3.0;4.0;4.0;4.0;3.0;5.0;4.0;2.0;5.0;2.0;3.0;1.0;1.0;0.0;1.0;1.0;0.0;4.0;87.5;3;7.0;7.0;0.2
46.0;0.0;AL;16.0;0.0;1.0;4500.0;4.0;3.0;7.0;3.0;5.0;1.0;2.0;7.0;2.0;3.0;5.0;7.0;3.0;1.0;2.0;2.0;3.0;2.0;4.0;1.0;2.0;1.0;1.0;0.0;1.0;0.0;0.0;0.0;0.0;1.0;78.0;3;7.0;7.0;0.25
21.0;0.0;PE;14.0;1.0;1.0;1500.0;1.0;1.0;7.0;0.0;0.0;5.0;4.0;3.0;7.0;7.0;7.0;0.0;3.0;2.0;4.0;4.0;3.0;3.0;1.0;2.0;5.0;2.0;1.0;1.0;1.0;0.0;1.0;1.0;0.0;4.0;82.5;3;7.0;7.0;0.0
48.0;0.0;PE;12.0;0.0;0.0;8000.0;3.0;1.0;7.0;4.0;7.0;5.0;7.0;7.0;5.0;7.0;3.0;3.0;4.0;3.0;3.0;4.0;3.0;3.0;3.0;3.0;3.0;3.0;3.0;1.0;0.0;0.0;1.0;1.0;0.0;3.0;106.0;3;7.0;7.0;0.6666666666666666
30.0;0.0;PE;16.0;1.0;1.0;13500.0;3.0;2.0;7.0;5.0;7.0;7.0;7.0;5.0;7.0;5.0;7.0;5.0;4.0;2.0;1.0;5.0;2.0;3.0;5.0;5.0;5.0;3.0;1.0;1.0;0.0;0.0;0.0;1.0;0.0;2.0;103.0;3;7.0;7.0;0.3333333333333333
35.0;1.0;PE;12.0;1.0;1.0;1500.0;3.0;1.0;7.0;7.0;7.0;7.0;7.0;7.0;7.0;0.0;0.0;0.0;3.0;4.0;4.0;5.0;2.0;5.0;5.0;4.0;2.0;2.0;1.0;1.0;0.0;0.0;0.0;1.0;0.0;2.0;77.0;3;7.0;7.0;0.6666666666666666
24.0;0.0;PE;16.0;1.0;1.0;2500.0;5.0;5.0;7.0;3.0;6.0;4.0;3.0;5.0;4.0;3.0;7.0;2.0;2.0;2.0;3.0;2.0;2.0;4.0;1.0;2.0;2.0;1.0;2.0;1.0;1.0;0.0;0.0;0.0;0.0;2.0;83.5;3;7.0;7.0;0.0
28.0;1.0;PE;18.0;1.0;1.0;8000.0;4.0;3.0;7.0;6.0;7.0;7.0;5.0;5.0;0.0;7.0;5.0;7.0;2.0;3.0;4.0;4.0;2.0;5.0;3.0;4.0;3.0;2.0;1.0;1.0;0.0;0.0;0.0;1.0;0.0;2.0;101.0;3;7.0;5.0;0.25
36.0;1.0;PE;16.0;0.0;0.0;4500.0;3.0;2.0;7.0;3.0;7.0;5.0;3.0;7.0;7.0;5.0;6.0;3.0;2.0;2.0;3.0;3.0;1.0;3.0;1.0;4.0;1.0;2.0;3.0;1.0;0.0;0.0;0.0;0.0;0.0;1.0;95.5;3;7.0;7.0;0.3333333333333333
61.0;1.0;PE;14.0;0.0;0.0;10000.0;3.0;2.0;7.0;3.0;0.0;5.0;7.0;7.0;4.0;6.0;3.0;4.0;4.0;2.0;4.0;4.0;2.0;4.0;3.0;4.0;3.0;2.0;2.0;1.0;0.0;0.0;0.0;1.0;0.0;2.0;81.5;3;7.0;7.0;0.3333333333333333
38.0;1.0;PE;16.0;0.0;1.0;4500.0;2.0;2.0;7.0;2.0;7.0;7.0;5.0;7.0;5.0;3.0;7.0;7.0;4.0;2.0;3.0;5.0;2.0;3.0;5.0;2.0;5.0;1.0;1.0;1.0;0.0;0.0;0.0;0.0;0.0;1.0;94.0;3;7.0;7.0;0.0
36.0;0.0;PE;16.0;1.0;1.0;10000.0;3.0;2.0;7.0;1.0;2.0;7.0;3.0;7.0;7.0;4.0;7.0;7.0;2.0;1.0;2.0;4.0;2.0;4.0;2.0;3.0;2.0;1.0;1.0;1.0;1.0;0.0;1.0;1.0;0.0;4.0;81.0;3;7.0;7.0;0.3333333333333333
56.0;1.0;PB;22.0;1.0;1.0;19000.0;1.0;1.0;7.0;4.0;5.0;6.0;7.0;7.0;4.0;5.0;7.0;7.0;2.0;2.0;4.0;4.0;4.0;5.0;3.0;4.0;4.0;2.0;2.0;1.0;0.0;0.0;0.0;1.0;0.0;2.0;97.0;3;7.0;7.0;0.0
33.0;1.0;PE;12.0;0.0;1.0;1500.0;3.0;2.0;7.0;6.0;4.0;5.0;7.0;6.0;7.0;6.0;4.0;3.0;2.0;4.0;5.0;5.0;2.0;4.0;1.0;1.0;2.0;1.0;2.0;1.0;0.0;0.0;0.0;0.0;0.0;1.0;93.5;3;7.0;7.0;0.3333333333333333
24.0;0.0;PE;14.0;0.0;1.0;6500.0;2.0;2.0;5.0;3.0;0.0;4.0;6.0;7.0;6.0;4.0;7.0;6.0;3.0;2.0;3.0;5.0;2.0;1.0;5.0;4.0;5.0;2.0;1.0;1.0;1.0;0.0;1.0;1.0;0.0;4.0;74.5;3;7.0;7.0;0.0
26.0;0.0;PE;16.0;1.0;1.0;27500.0;4.0;4.0;7.0;7.0;7.0;7.0;6.0;7.0;6.0;7.0;7.0;5.0;4.0;2.0;3.0;4.0;3.0;3.0;3.0;2.0;5.0;3.0;4.0;1.0;0.0;0.0;0.0;1.0;0.0;2.0;110.0;3;7.0;7.0;0.0
23.0;1.0;PE;16.0;1.0;1.0;2500.0;1.0;1.0;7.0;5.0;5.0;5.0;1.0;7.0;0.0;7.0;7.0;7.0;3.0;2.0;2.0;4.0;3.0;2.0;5.0;5.0;3.0;1.0;1.0;1.0;1.0;0.0;0.0;1.0;0.0;3.0;98.0;3;7.0;7.0;0.0
32.0;1.0;SP;16.0;0.0;1.0;6500.0;3.0;2.0;7.0;7.0;1.0;7.0;3.0;7.0;3.0;7.0;7.0;7.0;3.0;2.0;4.0;4.0;3.0;4.0;3.0;1.0;3.0;1.0;3.0;1.0;1.0;0.0;0.0;1.0;0.0;3.0;90.0;3;7.0;7.0;0.3333333333333333
64.0;1.0;SP;18.0;1.0;0.0;13500.0;1.0;0.0;7.0;7.0;7.0;7.0;7.0;5.0;4.0;7.0;7.0;5.0;4.0;4.0;4.0;5.0;4.0;5.0;2.0;4.0;5.0;4.0;4.0;0.0;0.0;0.0;0.0;1.0;0.0;1.0;111.0;3;7.0;7.0;1.0
47.0;1.0;PE;16.0;0.0;1.0;10000.0;3.0;2.0;7.0;6.0;7.0;7.0;7.0;7.0;5.0;6.0;7.0;3.0;4.0;4.0;2.0;3.0;2.0;4.0;2.0;4.0;3.0;2.0;2.0;0.0;0.0;0.0;0.0;1.0;0.0;1.0;106.0;3;7.0;7.0;0.3333333333333333
34.0;1.0;PE;16.0;0.0;1.0;8000.0;4.0;2.0;7.0;0.0;5.0;0.0;3.0;4.0;4.0;7.0;7.0;7.0;2.0;1.0;4.0;2.0;2.0;3.0;1.0;2.0;1.0;1.0;1.0;1.0;0.0;0.0;0.0;0.0;0.0;1.0;95.0;3;7.0;7.0;0.5
36.0;1.0;PE;16.0;0.0;1.0;41250.0;4.0;2.0;7.0;4.0;7.0;7.0;2.0;7.0;2.0;2.0;7.0;5.0;5.0;1.0;1.0;5.0;2.0;1.0;4.0;4.0;5.0;1.0;1.0;1.0;0.0;0.0;0.0;1.0;0.0;2.0;86.0;3;7.0;7.0;0.5
21.0;0.0;PE;14.0;0.0;1.0;8000.0;4.0;4.0;5.0;3.0;4.0;3.0;4.0;6.0;5.0;4.0;5.0;4.0;2.0;1.0;4.0;2.0;3.0;4.0;1.0;2.0;2.0;1.0;2.0;1.0;1.0;0.0;1.0;1.0;0.0;4.0;81.5;3;7.0;7.0;0.0
37.0;1.0;PE;16.0;0.0;1.0;41250.0;4.0;1.0;7.0;5.0;7.0;7.0;4.0;7.0;7.0;7.0;1.0;7.0;2.0;1.0;4.0;4.0;3.0;4.0;5.0;5.0;4.0;2.0;4.0;0.0;0.0;0.0;0.0;1.0;0.0;1.0;106.0;3;7.0;7.0;0.75
39.0;1.0;PE;16.0;0.0;1.0;6500.0;2.0;2.0;7.0;4.0;4.0;5.0;7.0;0.0;7.0;7.0;7.0;2.0;4.0;3.0;4.0;5.0;3.0;5.0;4.0;4.0;5.0;4.0;4.0;1.0;1.0;0.0;1.0;1.0;0.0;4.0;98.5;3;7.0;7.0;0.0
40.0;1.0;PE;16.0;0.0;1.0;4500.0;3.0;1.0;6.0;4.0;3.0;6.0;6.0;5.0;7.0;7.0;7.0;2.0;2.0;1.0;3.0;4.0;2.0;3.0;3.0;1.0;4.0;1.0;3.0;1.0;1.0;0.0;0.0;1.0;0.0;3.0;95.5;3;7.0;7.0;0.6666666666666666
38.0;1.0;PE;16.0;0.0;1.0;4500.0;2.0;2.0;7.0;4.0;7.0;7.0;7.0;7.0;5.0;7.0;7.0;5.0;5.0;2.0;3.0;5.0;2.0;3.0;5.0;1.0;5.0;2.0;1.0;1.0;0.0;0.0;0.0;1.0;0.0;2.0;111.0;3;7.0;7.0;0.0
61.0;0.0;PB;22.0;0.0;1.0;19000.0;5.0;3.0;7.0;3.0;3.0;7.0;7.0;7.0;7.0;3.0;7.0;2.0;4.0;2.0;4.0;4.0;3.0;5.0;4.0;4.0;3.0;2.0;2.0;1.0;0.0;0.0;0.0;1.0;0.0;2.0;81.5;3;7.0;7.0;0.4
23.0;1.0;PE;14.0;1.0;0.0;13500.0;5.0;2.0;7.0;3.0;7.0;5.0;3.0;7.0;5.0;7.0;7.0;7.0;2.0;1.0;3.0;3.0;3.0;4.0;2.0;2.0;2.0;2.0;1.0;1.0;1.0;0.0;0.0;0.0;0.0;2.0;106.0;3;7.0;7.0;0.6
26.0;1.0;PE;16.0;1.0;1.0;41250.0;2.0;1.0;1.0;2.0;3.0;5.0;6.0;7.0;7.0;7.0;2.0;2.0;4.0;1.0;2.0;2.0;2.0;4.0;2.0;4.0;4.0;2.0;1.0;1.0;1.0;0.0;1.0;0.0;0.0;3.0;84.0;3;3.0;7.0;0.5
25.0;1.0;PE;14.0;1.0;1.0;4500.0;2.0;2.0;7.0;4.0;7.0;7.0;7.0;4.0;7.0;7.0;2.0;2.0;2.0;2.0;3.0;4.0;2.0;3.0;4.0;4.0;3.0;1.0;2.0;1.0;1.0;0.0;1.0;1.0;0.0;4.0;107.0;3;7.0;7.0;0.0
69.0;1.0;AM;5.0;0.0;0.0;2500.0;2.0;1.0;4.0;3.0;5.0;0.0;1.0;6.0;2.0;1.0;6.0;2.0;4.0;2.0;3.0;5.0;3.0;4.0;2.0;1.0;4.0;1.0;1.0;0.0;0.0;0.0;0.0;0.0;1.0;0.0;66.0;3;7.0;7.0;0.5
33.0;0.0;PE;16.0;0.0;1.0;4500.0;3.0;2.0;7.0;0.0;1.0;1.0;3.0;5.0;3.0;7.0;4.0;5.0;2.0;2.0;3.0;2.0;1.0;2.0;3.0;3.0;1.0;1.0;1.0;1.0;1.0;0.0;0.0;1.0;0.0;3.0;81.5;3;7.0;7.0;0.3333333333333333
21.0;0.0;PE;14.0;1.0;0.0;27500.0;5.0;2.0;4.0;7.0;7.0;5.0;7.0;7.0;7.0;7.0;7.0;4.0;3.0;1.0;4.0;4.0;3.0;4.0;4.0;4.0;5.0;2.0;1.0;1.0;1.0;0.0;0.0;0.0;0.0;2.0;108.5;3;7.0;7.0;0.6
51.0;1.0;PE;16.0;0.0;1.0;1500.0;5.0;3.0;7.0;7.0;7.0;6.0;7.0;7.0;1.0;7.0;7.0;7.0;4.0;2.0;4.0;5.0;1.0;3.0;5.0;1.0;2.0;1.0;1.0;1.0;1.0;0.0;1.0;1.0;0.0;4.0;111.0;3;7.0;7.0;0.4
21.0;1.0;PE;14.0;1.0;1.0;10000.0;3.0;3.0;6.0;6.0;4.0;5.0;5.0;7.0;0.0;7.0;7.0;7.0;2.0;1.0;1.0;3.0;2.0;3.0;2.0;1.0;3.0;1.0;1.0;1.0;1.0;0.0;1.0;1.0;0.0;4.0;99.0;3;7.0;7.0;0.0
21.0;1.0;PE;14.0;1.0;0.0;4500.0;3.0;2.0;6.0;4.0;6.0;6.0;5.0;7.0;7.0;7.0;7.0;7.0;4.0;2.0;3.0;5.0;4.0;4.0;4.0;2.0;3.0;2.0;1.0;1.0;1.0;0.0;0.0;1.0;0.0;3.0;106.0;3;7.0;7.0;0.3333333333333333
21.0;1.0;PR;14.0;1.0;1.0;2500.0;4.0;4.0;6.0;3.0;4.0;4.0;3.0;5.0;4.0;6.0;3.0;5.0;5.0;3.0;4.0;5.0;3.0;4.0;5.0;4.0;5.0;1.0;3.0;1.0;1.0;0.0;1.0;1.0;0.0;4.0;89.0;3;7.0;7.0;0.0
31.0;1.0;PE;16.0;1.0;1.0;4500.0;2.0;1.0;7.0;3.0;2.0;2.0;7.0;7.0;7.0;4.0;7.0;7.0;2.0;1.0;4.0;5.0;3.0;4.0;4.0;1.0;5.0;1.0;1.0;1.0;1.0;0.0;0.0;1.0;0.0;3.0;80.0;3;7.0;7.0;0.5
27.0;0.0;PE;16.0;1.0;0.0;41250.0;2.0;1.0;7.0;2.0;7.0;5.0;7.0;7.0;7.0;7.0;7.0;1.0;4.0;3.0;3.0;5.0;4.0;4.0;4.0;3.0;4.0;2.0;1.0;1.0;1.0;0.0;0.0;1.0;0.0;3.0;107.0;3;7.0;7.0;0.5
45.0;0.0;RJ;16.0;1.0;1.0;13500.0;4.0;2.0;7.0;6.0;6.0;7.0;5.0;7.0;6.0;7.0;5.0;7.0;2.0;1.0;3.0;2.0;1.0;3.0;1.0;1.0;1.0;1.0;1.0;1.0;1.0;0.0;1.0;1.0;0.0;4.0;106.0;3;7.0;7.0;0.5
48.0;1.0;PE;16.0;1.0;1.0;6500.0;4.0;4.0;5.0;7.0;6.0;7.0;7.0;7.0;7.0;7.0;6.0;5.0;4.0;4.0;3.0;4.0;3.0;3.0;4.0;4.0;3.0;1.0;2.0;1.0;1.0;0.0;0.0;1.0;0.0;3.0;107.5;3;7.0;7.0;0.0
19.0;1.0;PE;14.0;1.0;0.0;19000.0;5.0;1.0;7.0;0.0;4.0;6.0;6.0;7.0;0.0;7.0;7.0;3.0;1.0;1.0;1.0;2.0;2.0;4.0;4.0;3.0;2.0;3.0;1.0;1.0;1.0;0.0;0.0;1.0;0.0;3.0;99.0;3;7.0;7.0;0.8
56.0;1.0;PE;18.0;1.0;1.0;2500.0;2.0;2.0;4.0;5.0;2.0;3.0;2.0;2.0;3.0;7.0;6.0;6.0;1.0;1.0;2.0;2.0;2.0;2.0;1.0;1.0;2.0;1.0;1.0;0.0;0.0;0.0;0.0;1.0;0.0;1.0;79.0;3;7.0;5.0;0.0
25.0;1.0;PE;16.0;1.0;1.0;4500.0;1.0;1.0;7.0;0.0;0.0;1.0;3.0;4.0;3.0;7.0;7.0;5.0;2.0;1.0;1.0;4.0;2.0;1.0;4.0;2.0;4.0;1.0;1.0;1.0;1.0;0.0;0.0;0.0;0.0;2.0;80.0;3;7.0;7.0;0.0
19.0;1.0;PB;12.0;1.0;1.0;2500.0;3.0;3.0;7.0;3.0;1.0;1.0;3.0;3.0;4.0;2.0;4.0;4.0;2.0;1.0;3.0;2.0;1.0;2.0;1.0;1.0;4.0;1.0;1.0;1.0;0.0;0.0;0.0;0.0;0.0;1.0;61.0;3;7.0;7.0;0.0
44.0;1.0;PB;5.0;0.0;1.0;1500.0;3.0;3.0;7.0;7.0;7.0;7.0;7.0;7.0;7.0;7.0;7.0;7.0;3.0;4.0;4.0;3.0;3.0;4.0;2.0;4.0;5.0;4.0;2.0;1.0;1.0;0.0;0.0;0.0;0.0;2.0;112.0;3;7.0;7.0;0.0
55.0;0.0;PB;5.0;0.0;1.0;1500.0;3.0;3.0;7.0;4.0;5.0;5.0;7.0;3.0;7.0;0.0;0.0;2.0;2.0;5.0;4.0;4.0;2.0;4.0;2.0;2.0;3.0;3.0;3.0;1.0;0.0;0.0;0.0;1.0;0.0;2.0;70.0;3;7.0;7.0;0.0
48.0;1.0;SP;16.0;0.0;0.0;2500.0;2.0;1.0;5.0;4.0;5.0;7.0;5.0;5.0;2.0;7.0;7.0;7.0;2.0;1.0;2.0;2.0;3.0;4.0;2.0;2.0;4.0;2.0;2.0;1.0;0.0;0.0;0.0;1.0;0.0;2.0;104.0;3;7.0;7.0;0.5
42.0;1.0;SP;22.0;0.0;1.0;4500.0;2.0;2.0;7.0;3.0;3.0;5.0;2.0;7.0;2.0;6.0;5.0;5.0;4.0;1.0;2.0;4.0;2.0;2.0;4.0;1.0;4.0;2.0;1.0;1.0;1.0;0.0;0.0;1.0;0.0;3.0;87.0;3;7.0;7.0;0.0
58.0;0.0;SP;16.0;0.0;1.0;4500.0;2.0;1.0;7.0;4.0;7.0;7.0;5.0;4.0;4.0;7.0;7.0;7.0;3.0;1.0;3.0;4.0;2.0;3.0;4.0;1.0;4.0;2.0;1.0;1.0;1.0;0.0;0.0;1.0;0.0;3.0;110.0;3;7.0;7.0;0.5
21.0;1.0;PE;14.0;1.0;1.0;10000.0;3.0;2.0;7.0;4.0;5.0;7.0;7.0;7.0;3.0;7.0;7.0;7.0;4.0;1.0;3.0;5.0;4.0;5.0;5.0;5.0;5.0;2.0;4.0;1.0;0.0;0.0;0.0;1.0;0.0;2.0;106.0;3;7.0;7.0;0.3333333333333333
44.0;1.0;RJ;16.0;0.0;1.0;10000.0;4.0;2.0;7.0;4.0;7.0;5.0;4.0;6.0;4.0;7.0;7.0;7.0;3.0;4.0;4.0;4.0;3.0;4.0;5.0;5.0;3.0;1.0;1.0;1.0;0.0;0.0;0.0;1.0;0.0;2.0;107.0;3;7.0;7.0;0.5
28.0;1.0;SP;16.0;1.0;0.0;2500.0;3.0;2.0;7.0;2.0;4.0;2.0;0.0;5.0;2.0;3.0;5.0;7.0;1.0;1.0;3.0;3.0;1.0;3.0;2.0;2.0;3.0;1.0;1.0;1.0;1.0;0.0;0.0;1.0;0.0;3.0;74.0;3;7.0;7.0;0.3333333333333333
75.0;1.0;RJ;18.0;1.0;0.0;13500.0;1.0;0.0;7.0;7.0;7.0;7.0;7.0;7.0;5.0;5.0;4.0;1.0;5.0;4.0;5.0;5.0;4.0;5.0;5.0;5.0;4.0;2.0;3.0;1.0;0.0;0.0;0.0;0.0;0.0;1.0;99.5;3;7.0;7.0;1.0
29.0;0.0;BA;16.0;1.0;1.0;10000.0;2.0;2.0;5.0;4.0;7.0;5.0;7.0;7.0;7.0;7.0;7.0;3.0;1.0;1.0;4.0;4.0;3.0;5.0;2.0;4.0;5.0;2.0;1.0;1.0;0.0;0.0;0.0;1.0;0.0;2.0;108.0;3;7.0;7.0;0.0
29.0;0.0;BA;16.0;0.0;1.0;19000.0;2.0;2.0;7.0;6.0;5.0;7.0;7.0;7.0;7.0;5.0;7.0;3.0;3.0;1.0;2.0;3.0;2.0;4.0;2.0;4.0;3.0;2.0;1.0;1.0;0.0;0.0;0.0;1.0;0.0;2.0;96.0;3;7.0;7.0;0.0
26.0;0.0;BA;16.0;0.0;1.0;10000.0;4.0;4.0;7.0;5.0;6.0;6.0;6.0;4.0;7.0;6.0;5.0;6.0;4.0;2.0;1.0;4.0;2.0;1.0;3.0;3.0;4.0;2.0;1.0;1.0;1.0;0.0;0.0;1.0;0.0;3.0;101.5;3;7.0;7.0;0.0
32.0;1.0;BA;16.0;1.0;1.0;2500.0;4.0;2.0;3.0;1.0;2.0;4.0;6.0;7.0;3.0;7.0;7.0;2.0;1.0;1.0;3.0;2.0;2.0;5.0;3.0;2.0;2.0;2.0;1.0;1.0;0.0;0.0;0.0;0.0;0.0;1.0;84.5;3;4.0;7.0;0.5
28.0;1.0;BA;16.0;1.0;0.0;13500.0;4.0;3.0;7.0;2.0;3.0;6.0;7.0;7.0;7.0;6.0;7.0;6.0;4.0;2.0;3.0;5.0;2.0;4.0;4.0;3.0;5.0;2.0;1.0;1.0;1.0;0.0;0.0;1.0;0.0;3.0;94.5;3;7.0;7.0;0.25
29.0;1.0;BA;16.0;1.0;1.0;10000.0;2.0;2.0;7.0;3.0;5.0;4.0;7.0;7.0;7.0;7.0;5.0;4.0;2.0;1.0;3.0;3.0;3.0;3.0;2.0;2.0;4.0;2.0;1.0;1.0;0.0;0.0;0.0;1.0;0.0;2.0;100.5;3;7.0;7.0;0.0
33.0;1.0;PE;16.0;0.0;1.0;4500.0;2.0;2.0;7.0;2.0;5.0;5.0;5.0;7.0;3.0;7.0;7.0;6.0;1.0;1.0;2.0;3.0;2.0;4.0;4.0;2.0;4.0;2.0;3.0;1.0;1.0;0.0;0.0;1.0;0.0;3.0;101.5;3;7.0;7.0;0.0
30.0;0.0;BA;16.0;0.0;1.0;4500.0;4.0;4.0;4.0;3.0;5.0;5.0;7.0;7.0;7.0;7.0;3.0;5.0;2.0;2.0;4.0;3.0;2.0;3.0;4.0;3.0;3.0;2.0;3.0;0.0;0.0;0.0;0.0;1.0;0.0;1.0;101.0;3;7.0;7.0;0.0
30.0;1.0;BA;16.0;1.0;1.0;13500.0;2.0;2.0;7.0;5.0;7.0;7.0;7.0;7.0;4.0;2.0;7.0;1.0;4.0;2.0;3.0;4.0;2.0;2.0;4.0;4.0;4.0;3.0;2.0;0.0;0.0;0.0;0.0;1.0;0.0;1.0;89.0;3;7.0;7.0;0.0
33.0;1.0;CE;14.0;1.0;1.0;2500.0;2.0;2.0;7.0;2.0;5.0;6.0;3.0;3.0;4.0;4.0;4.0;2.0;2.0;4.0;5.0;3.0;3.0;4.0;4.0;3.0;4.0;2.0;2.0;1.0;1.0;0.0;0.0;1.0;0.0;3.0;85.0;3;7.0;7.0;0.0
43.0;1.0;CE;16.0;0.0;1.0;4500.0;3.0;2.0;2.0;1.0;7.0;7.0;7.0;4.0;7.0;7.0;1.0;0.0;4.0;2.0;5.0;5.0;3.0;5.0;4.0;3.0;2.0;1.0;3.0;1.0;0.0;0.0;0.0;0.0;0.0;1.0;97.5;3;3.0;7.0;0.3333333333333333
45.0;0.0;CE;16.0;1.0;1.0;2500.0;3.0;3.0;7.0;5.0;7.0;7.0;7.0;7.0;4.0;3.0;1.0;3.0;2.0;1.0;4.0;4.0;2.0;5.0;4.0;5.0;2.0;2.0;3.0;1.0;1.0;0.0;0.0;1.0;0.0;3.0;91.0;3;7.0;7.0;0.0
37.0;1.0;PE;16.0;0.0;1.0;27500.0;4.0;2.0;7.0;6.0;6.0;6.0;7.0;7.0;7.0;7.0;7.0;7.0;4.0;2.0;3.0;5.0;4.0;5.0;3.0;1.0;4.0;1.0;1.0;1.0;1.0;0.0;0.0;0.0;0.0;2.0;108.0;3;7.0;7.0;0.5
30.0;0.0;CE;12.0;0.0;0.0;1500.0;3.0;1.0;5.0;0.0;3.0;2.0;5.0;3.0;5.0;2.0;7.0;7.0;2.0;2.0;2.0;1.0;2.0;1.0;2.0;1.0;1.0;1.0;1.0;1.0;0.0;0.0;0.0;0.0;0.0;1.0;69.0;3;5.0;7.0;0.6666666666666666
37.0;1.0;PE;16.0;0.0;1.0;10000.0;4.0;2.0;7.0;7.0;7.0;7.0;7.0;7.0;7.0;7.0;7.0;5.0;3.0;2.0;2.0;4.0;2.0;3.0;4.0;2.0;4.0;2.0;3.0;1.0;1.0;0.0;0.0;0.0;0.0;2.0;111.0;3;7.0;7.0;0.5
22.0;0.0;CE;12.0;1.0;1.0;2500.0;3.0;2.0;7.0;2.0;3.0;4.0;6.0;7.0;0.0;5.0;4.0;2.0;2.0;5.0;5.0;3.0;3.0;4.0;3.0;3.0;2.0;1.0;4.0;1.0;1.0;0.0;1.0;0.0;0.0;3.0;84.0;3;7.0;7.0;0.3333333333333333
53.0;1.0;CE;16.0;0.0;1.0;4500.0;3.0;3.0;7.0;2.0;0.0;2.0;3.0;7.0;2.0;7.0;0.0;5.0;4.0;4.0;5.0;5.0;2.0;4.0;5.0;2.0;5.0;2.0;4.0;1.0;0.0;0.0;1.0;1.0;0.0;3.0;77.5;3;7.0;7.0;0.0
21.0;1.0;CE;12.0;1.0;1.0;1500.0;5.0;3.0;7.0;0.0;7.0;0.0;7.0;7.0;7.0;7.0;7.0;4.0;3.0;5.0;4.0;3.0;2.0;3.0;5.0;5.0;3.0;2.0;2.0;1.0;1.0;0.0;0.0;1.0;0.0;3.0;103.5;3;7.0;7.0;0.4
37.0;1.0;PE;16.0;0.0;1.0;19000.0;5.0;3.0;7.0;5.0;6.0;7.0;7.0;3.0;7.0;7.0;3.0;1.0;3.0;1.0;3.0;4.0;4.0;5.0;5.0;3.0;2.0;3.0;3.0;1.0;0.0;0.0;1.0;1.0;0.0;3.0;104.0;3;7.0;7.0;0.4
33.0;0.0;CE;16.0;0.0;1.0;2500.0;3.0;0.0;6.0;1.0;7.0;3.0;5.0;5.0;4.0;5.0;3.0;2.0;4.0;2.0;4.0;3.0;3.0;5.0;2.0;2.0;1.0;1.0;2.0;1.0;0.0;0.0;0.0;0.0;0.0;1.0;93.5;3;7.0;7.0;1.0
50.0;1.0;CE;12.0;0.0;1.0;1500.0;3.0;1.0;4.0;5.0;3.0;3.0;7.0;3.0;4.0;6.0;0.0;2.0;4.0;3.0;1.0;5.0;4.0;4.0;5.0;5.0;2.0;2.0;3.0;1.0;1.0;0.0;1.0;0.0;0.0;3.0;86.0;3;7.0;7.0;0.6666666666666666
29.0;0.0;CE;12.0;0.0;1.0;1500.0;3.0;1.0;7.0;2.0;3.0;1.0;2.0;7.0;5.0;4.0;7.0;0.0;4.0;2.0;3.0;5.0;2.0;1.0;5.0;3.0;5.0;1.0;1.0;1.0;1.0;1.0;0.0;1.0;0.0;4.0;73.5;3;7.0;7.0;0.6666666666666666
45.0;0.0;CE;16.0;0.0;1.0;2500.0;3.0;1.0;5.0;3.0;5.0;4.0;5.0;5.0;4.0;4.0;4.0;4.0;4.0;2.0;2.0;4.0;2.0;5.0;4.0;2.0;4.0;2.0;3.0;0.0;0.0;0.0;0.0;1.0;0.0;1.0;86.0;3;7.0;7.0;0.6666666666666666
27.0;1.0;CE;14.0;1.0;0.0;13500.0;2.0;1.0;7.0;0.0;7.0;7.0;7.0;7.0;7.0;7.0;0.0;7.0;3.0;4.0;4.0;5.0;2.0;5.0;1.0;1.0;4.0;1.0;2.0;1.0;1.0;1.0;0.0;0.0;0.0;3.0;108.5;3;7.0;7.0;0.5
38.0;1.0;PE;16.0;0.0;1.0;10000.0;2.0;2.0;2.0;2.0;4.0;5.0;7.0;7.0;4.0;2.0;2.0;1.0;3.0;2.0;5.0;3.0;2.0;3.0;3.0;4.0;4.0;2.0;4.0;1.0;0.0;0.0;0.0;0.0;0.0;1.0;69.5;3;4.0;7.0;0.0
41.0;1.0;CE;9.0;0.0;1.0;1500.0;4.0;2.0;7.0;4.0;3.0;7.0;4.0;3.0;4.0;2.0;3.0;2.0;3.0;1.0;1.0;1.0;2.0;2.0;1.0;1.0;1.0;1.0;1.0;0.0;1.0;0.0;0.0;0.0;0.0;1.0;72.5;3;7.0;7.0;0.5
25.0;0.0;AM;14.0;0.0;1.0;1500.0;2.0;2.0;7.0;1.0;7.0;4.0;7.0;7.0;7.0;7.0;7.0;3.0;1.0;1.0;4.0;1.0;1.0;5.0;1.0;4.0;1.0;1.0;2.0;1.0;0.0;0.0;1.0;0.0;0.0;2.0;107.0;3;7.0;7.0;0.0
24.0;0.0;RJ;11.0;1.0;1.0;1500.0;4.0;3.0;4.0;4.0;2.0;7.0;4.0;4.0;7.0;2.0;4.0;4.0;2.0;1.0;2.0;4.0;3.0;2.0;2.0;2.0;2.0;2.0;1.0;1.0;0.0;0.0;0.0;0.0;0.0;1.0;71.0;3;7.0;7.0;0.25
27.0;1.0;PE;16.0;1.0;1.0;4500.0;4.0;2.0;7.0;4.0;2.0;2.0;3.0;2.0;4.0;3.0;3.0;7.0;4.0;3.0;3.0;5.0;3.0;3.0;2.0;1.0;2.0;2.0;2.0;0.0;1.0;0.0;1.0;1.0;0.0;3.0;66.0;3;7.0;6.0;0.5
32.0;1.0;CE;16.0;1.0;1.0;1500.0;1.0;1.0;7.0;7.0;7.0;7.0;7.0;7.0;0.0;7.0;2.0;3.0;4.0;1.0;3.0;4.0;2.0;3.0;4.0;3.0;3.0;2.0;3.0;1.0;0.0;1.0;0.0;1.0;0.0;3.0;107.5;3;7.0;7.0;0.0
44.0;1.0;PE;16.0;1.0;1.0;4500.0;3.0;2.0;7.0;0.0;6.0;5.0;5.0;0.0;3.0;7.0;7.0;7.0;2.0;2.0;3.0;3.0;1.0;3.0;4.0;3.0;3.0;1.0;2.0;1.0;1.0;0.0;1.0;0.0;0.0;3.0;89.0;3;7.0;3.0;0.3333333333333333
40.0;1.0;PE;16.0;0.0;1.0;2500.0;4.0;2.0;7.0;7.0;6.0;7.0;6.0;7.0;7.0;7.0;7.0;7.0;4.0;3.0;1.0;2.0;2.0;3.0;1.0;4.0;2.0;1.0;3.0;1.0;1.0;0.0;1.0;1.0;0.0;4.0;108.0;3;7.0;7.0;0.5
51.0;0.0;PE;16.0;0.0;1.0;2500.0;4.0;2.0;6.0;3.0;6.0;5.0;6.0;3.0;5.0;6.0;6.0;6.0;4.0;3.0;4.0;5.0;3.0;4.0;3.0;3.0;2.0;1.0;1.0;1.0;0.0;0.0;0.0;0.0;0.0;1.0;101.0;3;7.0;7.0;0.5
58.0;1.0;PE;16.0;1.0;1.0;2500.0;1.0;1.0;3.0;2.0;4.0;6.0;6.0;6.0;6.0;7.0;6.0;7.0;4.0;3.0;4.0;4.0;2.0;4.0;4.0;4.0;4.0;3.0;4.0;1.0;1.0;0.0;1.0;1.0;0.0;4.0;96.5;3;5.0;7.0;0.0
39.0;1.0;PE;14.0;0.0;1.0;2500.0;4.0;2.0;7.0;2.0;5.0;2.0;5.0;6.0;5.0;4.0;6.0;5.0;3.0;1.0;1.0;5.0;2.0;4.0;5.0;4.0;5.0;1.0;1.0;1.0;0.0;0.0;0.0;0.0;0.0;1.0;85.5;3;7.0;7.0;0.5
37.0;1.0;PE;22.0;0.0;1.0;2500.0;3.0;2.0;7.0;6.0;5.0;6.0;6.0;7.0;5.0;6.0;7.0;6.0;3.0;1.0;2.0;5.0;1.0;1.0;5.0;1.0;4.0;1.0;1.0;1.0;0.0;0.0;0.0;0.0;0.0;1.0;99.5;3;7.0;7.0;0.3333333333333333
45.0;1.0;PE;16.0;1.0;1.0;2500.0;1.0;0.0;7.0;2.0;4.0;1.0;7.0;0.0;5.0;7.0;7.0;7.0;1.0;5.0;2.0;2.0;1.0;1.0;1.0;1.0;1.0;1.0;1.0;1.0;0.0;0.0;0.0;0.0;0.0;1.0;89.0;3;7.0;5.0;1.0
44.0;1.0;PE;9.0;0.0;1.0;2500.0;3.0;2.0;7.0;2.0;2.0;3.0;3.0;7.0;1.0;7.0;7.0;7.0;1.0;4.0;5.0;2.0;1.0;1.0;1.0;1.0;2.0;1.0;1.0;1.0;1.0;0.0;1.0;1.0;0.0;4.0;89.0;3;7.0;7.0;0.3333333333333333
40.0;1.0;PE;12.0;1.0;0.0;1500.0;2.0;1.0;6.0;1.0;5.0;0.0;1.0;3.0;0.0;4.0;2.0;5.0;1.0;1.0;3.0;5.0;1.0;3.0;5.0;4.0;5.0;1.0;1.0;0.0;1.0;0.0;0.0;1.0;0.0;2.0;61.5;3;7.0;3.0;0.5
40.0;1.0;PE;12.0;0.0;1.0;2500.0;4.0;2.0;7.0;7.0;7.0;5.0;6.0;7.0;7.0;6.0;7.0;7.0;3.0;5.0;4.0;5.0;1.0;3.0;5.0;4.0;3.0;1.0;1.0;1.0;1.0;0.0;0.0;1.0;0.0;3.0;105.0;3;7.0;7.0;0.5
55.0;1.0;PE;16.0;1.0;1.0;2500.0;1.0;1.0;7.0;4.0;5.0;5.0;2.0;4.0;2.0;2.0;4.0;7.0;1.0;1.0;3.0;4.0;2.0;4.0;1.0;2.0;2.0;1.0;2.0;1.0;0.0;0.0;0.0;1.0;0.0;2.0;73.5;3;7.0;6.0;0.0
31.0;1.0;PE;12.0;0.0;0.0;1500.0;2.0;1.0;7.0;0.0;7.0;7.0;3.0;4.0;5.0;4.0;7.0;7.0;4.0;3.0;4.0;4.0;2.0;4.0;4.0;4.0;3.0;2.0;1.0;1.0;1.0;0.0;0.0;0.0;0.0;2.0;96.0;3;7.0;7.0;0.5
44.0;0.0;PE;12.0;0.0;1.0;4500.0;3.0;1.0;7.0;7.0;7.0;7.0;7.0;7.0;7.0;7.0;7.0;7.0;1.0;1.0;1.0;1.0;2.0;1.0;2.0;3.0;2.0;2.0;1.0;0.0;1.0;0.0;0.0;0.0;0.0;1.0;112.0;3;7.0;7.0;0.6666666666666666
35.0;1.0;PE;16.0;1.0;1.0;2500.0;1.0;1.0;4.0;2.0;4.0;3.0;5.0;7.0;5.0;4.0;5.0;7.0;3.0;2.0;3.0;4.0;2.0;3.0;4.0;2.0;4.0;2.0;4.0;1.0;0.0;0.0;0.0;0.0;0.0;1.0;82.0;3;6.0;7.0;0.0
41.0;1.0;SP;16.0;1.0;1.0;4500.0;1.0;1.0;5.0;2.0;2.0;1.0;2.0;7.0;1.0;3.0;6.0;5.0;4.0;2.0;5.0;4.0;2.0;4.0;5.0;5.0;3.0;2.0;2.0;1.0;1.0;0.0;0.0;1.0;0.0;3.0;68.5;3;7.0;7.0;0.0
40.0;1.0;PE;16.0;0.0;0.0;2500.0;2.0;1.0;7.0;2.0;7.0;7.0;4.0;7.0;5.0;0.0;7.0;7.0;3.0;2.0;1.0;3.0;2.0;1.0;3.0;2.0;2.0;1.0;1.0;1.0;0.0;0.0;0.0;0.0;0.0;1.0;81.0;3;7.0;7.0;0.5
36.0;1.0;PE;22.0;0.0;1.0;8000.0;3.0;2.0;7.0;3.0;3.0;5.0;3.0;7.0;0.0;4.0;5.0;5.0;4.0;3.0;5.0;5.0;3.0;5.0;4.0;2.0;5.0;4.0;5.0;1.0;0.0;0.0;0.0;0.0;0.0;1.0;80.0;3;7.0;7.0;0.3333333333333333
43.0;0.0;PE;14.0;1.0;1.0;6500.0;2.0;2.0;7.0;5.0;7.0;4.0;2.0;7.0;5.0;4.0;7.0;7.0;2.0;1.0;4.0;2.0;2.0;4.0;1.0;1.0;2.0;1.0;1.0;0.0;0.0;0.0;0.0;0.0;1.0;0.0;92.0;3;7.0;7.0;0.0
44.0;1.0;PE;12.0;1.0;1.0;2500.0;3.0;2.0;3.0;0.0;7.0;7.0;4.0;1.0;4.0;7.0;3.0;7.0;1.0;1.0;1.0;2.0;1.0;1.0;4.0;1.0;1.0;1.0;1.0;0.0;1.0;0.0;0.0;0.0;0.0;1.0;91.0;3;3.0;5.0;0.3333333333333333
53.0;0.0;PE;12.0;0.0;1.0;4500.0;5.0;3.0;7.0;5.0;7.0;6.0;7.0;7.0;7.0;7.0;7.0;0.0;3.0;5.0;1.0;5.0;2.0;1.0;4.0;5.0;2.0;1.0;1.0;1.0;1.0;0.0;0.0;1.0;0.0;3.0;107.5;3;7.0;7.0;0.4
32.0;1.0;PE;14.0;1.0;1.0;2500.0;1.0;0.0;5.0;3.0;3.0;3.0;3.0;7.0;7.0;7.0;7.0;2.0;4.0;5.0;5.0;4.0;3.0;5.0;4.0;4.0;4.0;3.0;5.0;1.0;1.0;0.0;1.0;1.0;0.0;4.0;89.5;3;7.0;7.0;1.0
48.0;0.0;PE;12.0;0.0;1.0;8000.0;4.0;4.0;7.0;2.0;7.0;5.0;3.0;5.0;2.0;2.0;3.0;3.0;2.0;2.0;3.0;2.0;1.0;3.0;2.0;3.0;2.0;1.0;1.0;1.0;0.0;0.0;0.0;0.0;0.0;1.0;82.0;3;7.0;7.0;0.0
48.0;1.0;PE;12.0;0.0;1.0;2500.0;3.0;2.0;3.0;3.0;4.0;3.0;6.0;6.0;2.0;3.0;2.0;2.0;3.0;2.0;4.0;5.0;3.0;4.0;5.0;4.0;5.0;2.0;3.0;1.0;1.0;0.0;0.0;1.0;0.0;3.0;75.0;3;6.0;7.0;0.3333333333333333
34.0;1.0;PE;12.0;0.0;1.0;4500.0;3.0;2.0;7.0;4.0;5.0;5.0;2.0;5.0;7.0;7.0;6.0;6.0;1.0;3.0;3.0;3.0;2.0;3.0;4.0;4.0;2.0;2.0;2.0;1.0;1.0;0.0;1.0;1.0;0.0;4.0;98.0;3;7.0;7.0;0.3333333333333333
40.0;1.0;PE;16.0;0.0;1.0;2500.0;3.0;1.0;7.0;4.0;7.0;5.0;1.0;7.0;3.0;2.0;7.0;5.0;3.0;1.0;3.0;4.0;2.0;4.0;4.0;3.0;2.0;1.0;2.0;1.0;0.0;0.0;0.0;0.0;0.0;1.0;83.0;3;7.0;7.0;0.6666666666666666
65.0;0.0;PE;12.0;0.0;1.0;4500.0;2.0;2.0;7.0;4.0;3.0;3.0;3.0;3.0;5.0;4.0;5.0;2.0;5.0;3.0;5.0;4.0;2.0;2.0;2.0;1.0;4.0;1.0;1.0;0.0;0.0;0.0;1.0;0.0;0.0;1.0;76.5;3;7.0;7.0;0.0
25.0;1.0;PE;14.0;1.0;1.0;6500.0;3.0;3.0;7.0;3.0;2.0;4.0;2.0;2.0;6.0;4.0;7.0;7.0;1.0;1.0;3.0;5.0;2.0;3.0;1.0;2.0;4.0;2.0;1.0;1.0;0.0;0.0;0.0;0.0;0.0;1.0;77.0;3;7.0;7.0;0.0
68.0;1.0;PE;12.0;1.0;0.0;1500.0;5.0;4.0;7.0;6.0;7.0;4.0;4.0;7.0;3.0;3.0;7.0;7.0;2.0;2.0;3.0;3.0;3.0;4.0;4.0;5.0;3.0;1.0;1.0;1.0;1.0;0.0;0.0;0.0;0.0;2.0;90.0;3;7.0;7.0;0.2
33.0;1.0;PE;12.0;1.0;1.0;1500.0;4.0;3.0;5.0;0.0;1.0;2.0;1.0;1.0;3.0;2.0;4.0;1.0;2.0;3.0;2.0;2.0;1.0;2.0;2.0;2.0;2.0;2.0;2.0;1.0;0.0;0.0;0.0;0.0;0.0;1.0;42.5;3;5.0;4.0;0.25
34.0;1.0;PE;16.0;0.0;1.0;10000.0;3.0;2.0;7.0;2.0;3.0;4.0;7.0;7.0;2.0;7.0;7.0;7.0;3.0;1.0;1.0;5.0;3.0;5.0;3.0;1.0;1.0;1.0;1.0;1.0;1.0;0.0;0.0;0.0;0.0;2.0;97.0;3;7.0;7.0;0.3333333333333333
46.0;0.0;PE;14.0;0.0;1.0;6500.0;4.0;2.0;7.0;7.0;7.0;7.0;7.0;7.0;5.0;3.0;3.0;2.0;1.0;1.0;3.0;4.0;3.0;1.0;4.0;4.0;3.0;2.0;1.0;1.0;0.0;0.0;1.0;1.0;0.0;3.0;91.5;3;7.0;7.0;0.5
35.0;0.0;RJ;12.0;1.0;1.0;1500.0;5.0;3.0;5.0;2.0;3.0;3.0;2.0;3.0;6.0;4.0;6.0;2.0;2.0;2.0;3.0;3.0;3.0;4.0;1.0;1.0;1.0;1.0;1.0;1.0;1.0;0.0;1.0;0.0;0.0;3.0;76.0;3;7.0;7.0;0.4
20.0;1.0;CE;12.0;1.0;1.0;1500.0;5.0;2.0;0.0;3.0;7.0;4.0;6.0;6.0;5.0;4.0;7.0;5.0;4.0;2.0;1.0;4.0;4.0;5.0;3.0;2.0;4.0;3.0;1.0;1.0;0.0;0.0;0.0;0.0;0.0;1.0;87.0;3;3.0;7.0;0.6
31.0;1.0;CE;16.0;1.0;1.0;1500.0;4.0;3.0;7.0;4.0;7.0;2.0;5.0;3.0;0.0;7.0;7.0;7.0;2.0;1.0;4.0;3.0;2.0;4.0;5.0;5.0;2.0;1.0;3.0;1.0;0.0;0.0;0.0;0.0;0.0;1.0;89.0;3;7.0;3.0;0.25
28.0;1.0;CE;16.0;0.0;1.0;1500.0;4.0;2.0;7.0;4.0;3.0;7.0;7.0;7.0;2.0;7.0;7.0;1.0;3.0;1.0;2.0;4.0;5.0;3.0;5.0;4.0;2.0;1.0;1.0;0.0;0.0;0.0;0.0;1.0;0.0;1.0;97.0;3;7.0;7.0;0.5
50.0;1.0;CE;12.0;0.0;0.0;1500.0;4.0;0.0;7.0;0.0;7.0;7.0;7.0;0.0;3.0;7.0;7.0;7.0;3.0;5.0;4.0;4.0;2.0;5.0;4.0;3.0;3.0;2.0;3.0;1.0;1.0;1.0;1.0;1.0;0.0;5.0;96.0;3;7.0;3.0;1.0
40.0;1.0;CE;16.0;0.0;1.0;6500.0;7.0;3.0;7.0;1.0;7.0;7.0;7.0;4.0;7.0;7.0;7.0;7.0;4.0;4.0;5.0;2.0;2.0;4.0;2.0;4.0;1.0;1.0;1.0;1.0;1.0;0.0;0.0;1.0;0.0;3.0;112.0;3;7.0;7.0;0.5714285714285714
39.0;1.0;RJ;16.0;1.0;1.0;1500.0;2.0;2.0;1.0;1.0;2.0;0.0;1.0;2.0;1.0;5.0;2.0;4.0;4.0;2.0;2.0;3.0;2.0;3.0;1.0;3.0;2.0;2.0;3.0;1.0;1.0;0.0;0.0;1.0;0.0;3.0;46.0;3;2.0;3.0;0.0
51.0;1.0;PE;12.0;0.0;1.0;1500.0;4.0;2.0;7.0;3.0;7.0;7.0;3.0;5.0;2.0;3.0;5.0;7.0;2.0;3.0;5.0;3.0;2.0;4.0;2.0;2.0;2.0;2.0;3.0;1.0;1.0;0.0;1.0;0.0;0.0;3.0;91.0;3;7.0;7.0;0.5
52.0;1.0;CE;16.0;0.0;1.0;4500.0;2.0;1.0;2.0;7.0;3.0;7.0;1.0;7.0;0.0;7.0;7.0;7.0;3.0;3.0;5.0;4.0;2.0;5.0;4.0;1.0;4.0;1.0;3.0;1.0;0.0;0.0;0.0;1.0;0.0;2.0;94.0;3;7.0;7.0;0.5
24.0;0.0;RJ;14.0;1.0;1.0;2500.0;4.0;2.0;7.0;1.0;7.0;5.0;3.0;7.0;4.0;3.0;7.0;5.0;2.0;2.0;2.0;2.0;4.0;2.0;2.0;3.0;2.0;3.0;4.0;0.0;1.0;0.0;0.0;0.0;0.0;1.0;89.0;3;7.0;7.0;0.5
37.0;0.0;RJ;16.0;1.0;1.0;4500.0;1.0;1.0;5.0;3.0;4.0;4.0;4.0;6.0;3.0;3.0;5.0;4.0;3.0;3.0;4.0;2.0;3.0;3.0;2.0;3.0;3.0;3.0;1.0;1.0;1.0;0.0;0.0;1.0;0.0;3.0;78.5;3;7.0;7.0;0.0
47.0;0.0;RJ;22.0;0.0;1.0;19000.0;2.0;2.0;1.0;5.0;1.0;6.0;6.0;7.0;7.0;0.0;1.0;1.0;5.0;5.0;5.0;5.0;4.0;5.0;5.0;3.0;5.0;2.0;1.0;1.0;0.0;0.0;0.0;0.0;0.0;1.0;56.0;3;6.0;7.0;0.0
38.0;1.0;PE;12.0;0.0;1.0;2500.0;2.0;2.0;7.0;6.0;6.0;5.0;6.0;7.0;4.0;4.0;4.0;7.0;4.0;4.0;3.0;4.0;3.0;4.0;4.0;3.0;3.0;2.0;3.0;1.0;1.0;0.0;0.0;0.0;0.0;2.0;92.5;3;7.0;7.0;0.0
38.0;1.0;PE;12.0;0.0;1.0;2500.0;2.0;2.0;7.0;6.0;6.0;5.0;6.0;7.0;4.0;4.0;4.0;7.0;4.0;3.0;4.0;4.0;3.0;4.0;4.0;3.0;3.0;2.0;3.0;1.0;1.0;0.0;0.0;0.0;0.0;2.0;92.5;3;7.0;7.0;0.0
40.0;1.0;PE;16.0;0.0;0.0;1500.0;3.0;1.0;7.0;1.0;1.0;1.0;3.0;2.0;5.0;1.0;7.0;3.0;5.0;2.0;3.0;5.0;1.0;3.0;2.0;3.0;5.0;1.0;3.0;1.0;0.0;0.0;0.0;0.0;0.0;1.0;58.0;3;7.0;7.0;0.6666666666666666
27.0;1.0;PE;12.0;0.0;1.0;1500.0;3.0;1.0;5.0;0.0;6.0;5.0;7.0;6.0;2.0;6.0;5.0;5.0;2.0;2.0;4.0;3.0;3.0;4.0;3.0;2.0;2.0;1.0;1.0;1.0;1.0;1.0;1.0;1.0;0.0;5.0;97.0;3;5.0;7.0;0.6666666666666666
45.0;1.0;PE;12.0;0.0;1.0;2500.0;4.0;2.0;7.0;4.0;6.0;3.0;7.0;6.0;4.0;7.0;6.0;6.0;4.0;4.0;5.0;4.0;2.0;5.0;4.0;4.0;2.0;2.0;4.0;1.0;0.0;0.0;0.0;0.0;0.0;1.0;104.0;3;7.0;7.0;0.5
24.0;0.0;SP;14.0;1.0;1.0;27500.0;4.0;4.0;5.0;6.0;2.0;7.0;0.0;6.0;5.0;7.0;7.0;4.0;3.0;2.0;3.0;4.0;2.0;3.0;2.0;2.0;4.0;2.0;1.0;1.0;1.0;0.0;0.0;1.0;0.0;3.0;88.5;3;7.0;7.0;0.0
27.0;1.0;PE;16.0;0.0;1.0;4500.0;2.0;2.0;7.0;5.0;6.0;4.0;2.0;7.0;7.0;5.0;5.0;7.0;2.0;1.0;2.0;3.0;2.0;3.0;3.0;2.0;4.0;3.0;1.0;1.0;0.0;0.0;0.0;1.0;0.0;2.0;92.0;3;7.0;7.0;0.0
20.0;1.0;MG;14.0;1.0;1.0;1500.0;1.0;1.0;3.0;0.0;3.0;6.0;1.0;0.0;6.0;0.0;4.0;3.0;4.0;5.0;3.0;4.0;2.0;3.0;4.0;5.0;5.0;4.0;4.0;1.0;0.0;0.0;0.0;1.0;0.0;2.0;49.5;3;3.0;6.0;0.0
40.0;1.0;SP;16.0;1.0;1.0;2500.0;6.0;6.0;2.0;7.0;7.0;7.0;3.0;0.0;0.0;0.0;0.0;2.0;4.0;5.0;4.0;4.0;4.0;4.0;4.0;4.0;5.0;5.0;4.0;1.0;1.0;0.0;1.0;0.0;0.0;3.0;46.0;3;7.0;0.0;0.0
23.0;1.0;RJ;12.0;1.0;1.0;1500.0;3.0;2.0;7.0;7.0;7.0;7.0;7.0;0.0;2.0;0.0;4.0;4.0;5.0;3.0;4.0;5.0;4.0;4.0;5.0;5.0;5.0;4.0;5.0;1.0;0.0;0.0;0.0;0.0;0.0;1.0;61.0;3;7.0;2.0;0.3333333333333333
19.0;1.0;SP;14.0;1.0;1.0;8000.0;3.0;3.0;7.0;5.0;7.0;7.0;7.0;0.0;2.0;3.0;2.0;4.0;5.0;5.0;4.0;5.0;2.0;4.0;4.0;4.0;5.0;3.0;5.0;1.0;0.0;0.0;0.0;1.0;0.0;2.0;72.0;3;7.0;2.0;0.0
22.0;1.0;SP;14.0;1.0;1.0;4500.0;5.0;3.0;7.0;7.0;7.0;4.0;2.0;7.0;4.0;7.0;7.0;7.0;3.0;1.0;1.0;4.0;2.0;1.0;1.0;1.0;4.0;2.0;1.0;0.0;0.0;0.0;0.0;0.0;1.0;0.0;104.0;3;7.0;7.0;0.4
39.0;1.0;RJ;16.0;0.0;1.0;6500.0;2.0;2.0;2.0;4.0;1.0;6.0;6.0;5.0;5.0;5.0;2.0;4.0;1.0;2.0;3.0;3.0;3.0;3.0;1.0;1.0;1.0;1.0;1.0;1.0;0.0;0.0;1.0;0.0;0.0;2.0;78.0;3;6.0;7.0;0.0
56.0;1.0;RS;16.0;1.0;0.0;8000.0;2.0;2.0;7.0;5.0;5.0;7.0;7.0;5.0;3.0;4.0;4.0;3.0;2.0;3.0;4.0;5.0;3.0;5.0;3.0;2.0;3.0;1.0;2.0;1.0;1.0;0.0;0.0;1.0;0.0;3.0;90.5;3;7.0;7.0;0.0
37.0;1.0;PR;14.0;1.0;1.0;2500.0;2.0;2.0;7.0;3.0;2.0;6.0;1.0;5.0;0.0;7.0;6.0;4.0;1.0;2.0;2.0;4.0;2.0;3.0;2.0;4.0;4.0;2.0;3.0;1.0;0.0;0.0;0.0;0.0;0.0;1.0;80.0;3;7.0;5.0;0.0
62.0;1.0;SP;12.0;0.0;0.0;4500.0;3.0;2.0;7.0;1.0;7.0;5.0;7.0;7.0;2.0;7.0;7.0;7.0;2.0;4.0;5.0;2.0;1.0;3.0;4.0;4.0;2.0;1.0;3.0;1.0;1.0;1.0;0.0;1.0;0.0;4.0;110.0;3;7.0;7.0;0.3333333333333333
63.0;1.0;RS;5.0;1.0;0.0;1500.0;1.0;1.0;3.0;2.0;4.0;5.0;3.0;3.0;3.0;4.0;2.0;1.0;3.0;2.0;5.0;4.0;3.0;5.0;2.0;3.0;2.0;2.0;3.0;0.0;1.0;0.0;0.0;0.0;0.0;1.0;71.5;3;5.0;6.0;0.0
58.0;0.0;SP;16.0;1.0;1.0;4500.0;2.0;2.0;7.0;3.0;4.0;7.0;5.0;7.0;5.0;2.0;7.0;4.0;4.0;2.0;3.0;4.0;3.0;4.0;4.0;3.0;4.0;1.0;3.0;1.0;0.0;0.0;0.0;1.0;0.0;2.0;79.5;3;7.0;7.0;0.0
46.0;1.0;MA;16.0;0.0;1.0;4500.0;4.0;2.0;7.0;7.0;7.0;7.0;7.0;7.0;7.0;7.0;7.0;2.0;4.0;1.0;4.0;4.0;2.0;4.0;4.0;3.0;4.0;2.0;4.0;1.0;1.0;0.0;1.0;0.0;0.0;3.0;109.5;3;7.0;7.0;0.5
58.0;0.0;SP;16.0;1.0;1.0;6500.0;2.0;2.0;7.0;4.0;5.0;7.0;5.0;7.0;5.0;3.0;7.0;5.0;4.0;3.0;3.0;4.0;3.0;4.0;4.0;3.0;4.0;2.0;3.0;1.0;0.0;0.0;1.0;1.0;0.0;3.0;87.0;3;7.0;7.0;0.0
34.0;1.0;RN;16.0;1.0;0.0;1500.0;4.0;1.0;5.0;4.0;5.0;5.0;7.0;3.0;5.0;3.0;2.0;3.0;3.0;3.0;5.0;4.0;3.0;4.0;2.0;4.0;3.0;1.0;4.0;1.0;1.0;1.0;1.0;1.0;0.0;5.0;83.5;3;7.0;7.0;0.75
32.0;1.0;BA;12.0;0.0;1.0;1500.0;3.0;2.0;7.0;0.0;7.0;2.0;2.0;7.0;1.0;7.0;7.0;7.0;2.0;1.0;5.0;3.0;2.0;4.0;2.0;4.0;3.0;1.0;2.0;1.0;0.0;0.0;0.0;1.0;0.0;2.0;102.0;3;7.0;7.0;0.3333333333333333
43.0;1.0;MG;9.0;0.0;0.0;1500.0;3.0;1.0;7.0;0.0;7.0;0.0;0.0;1.0;7.0;0.0;7.0;5.0;2.0;1.0;4.0;2.0;3.0;3.0;5.0;4.0;3.0;3.0;1.0;1.0;0.0;0.0;1.0;1.0;0.0;3.0;69.0;3;7.0;7.0;0.6666666666666666
46.0;1.0;BA;16.0;0.0;1.0;2500.0;4.0;2.0;7.0;7.0;6.0;7.0;7.0;7.0;5.0;7.0;5.0;4.0;4.0;1.0;4.0;4.0;4.0;4.0;4.0;5.0;2.0;3.0;3.0;1.0;0.0;0.0;0.0;0.0;0.0;1.0;106.5;3;7.0;7.0;0.5
63.0;1.0;SP;16.0;0.0;1.0;10000.0;2.0;2.0;6.0;2.0;2.0;2.0;7.0;7.0;2.0;7.0;3.0;3.0;3.0;3.0;4.0;5.0;3.0;4.0;5.0;3.0;5.0;2.0;2.0;1.0;1.0;0.0;1.0;1.0;0.0;4.0;88.0;3;7.0;7.0;0.0
46.0;1.0;BA;16.0;0.0;1.0;2500.0;4.0;2.0;7.0;7.0;7.0;7.0;7.0;7.0;7.0;7.0;7.0;5.0;4.0;4.0;4.0;4.0;4.0;4.0;4.0;4.0;2.0;4.0;3.0;1.0;1.0;1.0;1.0;1.0;0.0;5.0;111.0;3;7.0;7.0;0.5
62.0;1.0;RJ;14.0;1.0;0.0;4500.0;1.0;1.0;7.0;7.0;5.0;4.0;4.0;4.0;2.0;7.0;7.0;7.0;5.0;4.0;4.0;5.0;3.0;4.0;5.0;4.0;5.0;2.0;4.0;1.0;0.0;0.0;1.0;1.0;0.0;3.0;96.0;3;7.0;6.0;0.0
54.0;1.0;SP;14.0;1.0;1.0;2500.0;2.0;0.0;3.0;3.0;2.0;4.0;2.0;3.0;6.0;7.0;3.0;4.0;2.0;1.0;3.0;1.0;2.0;1.0;2.0;4.0;1.0;1.0;1.0;1.0;1.0;1.0;1.0;1.0;0.0;5.0;83.5;3;6.0;7.0;1.0
62.0;1.0;MG;12.0;0.0;0.0;4500.0;2.0;2.0;7.0;6.0;5.0;7.0;7.0;7.0;7.0;7.0;6.0;7.0;4.0;3.0;3.0;3.0;3.0;3.0;5.0;4.0;4.0;4.0;4.0;0.0;0.0;0.0;0.0;0.0;1.0;0.0;105.5;3;7.0;7.0;0.0
43.0;1.0;SP;12.0;1.0;1.0;1500.0;2.0;2.0;7.0;7.0;7.0;7.0;7.0;7.0;7.0;4.0;7.0;4.0;4.0;1.0;5.0;5.0;2.0;5.0;5.0;3.0;4.0;1.0;4.0;1.0;1.0;1.0;1.0;1.0;0.0;5.0;98.5;3;7.0;7.0;0.0
73.0;1.0;SP;16.0;1.0;1.0;4500.0;2.0;1.0;4.0;3.0;5.0;6.0;4.0;7.0;3.0;7.0;2.0;1.0;4.0;2.0;4.0;4.0;4.0;5.0;4.0;5.0;4.0;4.0;5.0;1.0;1.0;0.0;1.0;1.0;0.0;4.0;96.5;3;7.0;7.0;0.5
52.0;1.0;SC;12.0;0.0;0.0;2500.0;6.0;5.0;7.0;0.0;7.0;7.0;4.0;7.0;4.0;7.0;7.0;7.0;3.0;2.0;3.0;3.0;1.0;2.0;4.0;3.0;2.0;1.0;1.0;1.0;0.0;0.0;0.0;0.0;0.0;1.0;109.0;3;7.0;7.0;0.1666666666666666
66.0;1.0;CE;11.0;0.0;0.0;2500.0;3.0;2.0;7.0;4.0;6.0;5.0;7.0;7.0;7.0;7.0;7.0;7.0;3.0;4.0;4.0;5.0;3.0;4.0;5.0;4.0;3.0;1.0;1.0;1.0;0.0;0.0;0.0;1.0;0.0;2.0;107.0;3;7.0;7.0;0.3333333333333333
36.0;1.0;MG;16.0;0.0;1.0;2500.0;2.0;2.0;3.0;2.0;3.0;3.0;2.0;3.0;4.0;2.0;5.0;6.0;1.0;2.0;2.0;3.0;2.0;4.0;1.0;4.0;2.0;1.0;1.0;1.0;0.0;0.0;0.0;0.0;0.0;1.0;65.5;3;5.0;7.0;0.0
71.0;1.0;SP;14.0;1.0;0.0;2500.0;5.0;3.0;7.0;1.0;3.0;3.0;7.0;4.0;3.0;7.0;7.0;4.0;1.0;2.0;4.0;4.0;3.0;5.0;5.0;4.0;2.0;1.0;1.0;1.0;0.0;0.0;0.0;0.0;0.0;1.0;94.5;3;7.0;7.0;0.4
50.0;1.0;PB;16.0;1.0;1.0;2500.0;1.0;0.0;5.0;6.0;5.0;7.0;4.0;7.0;5.0;6.0;5.0;5.0;4.0;3.0;5.0;4.0;3.0;5.0;4.0;2.0;3.0;1.0;1.0;1.0;1.0;0.0;0.0;0.0;0.0;2.0;97.0;3;7.0;7.0;1.0
49.0;1.0;BA;16.0;0.0;1.0;2500.0;5.0;3.0;7.0;2.0;7.0;3.0;3.0;3.0;3.0;3.0;7.0;4.0;5.0;4.0;5.0;5.0;3.0;5.0;2.0;2.0;4.0;2.0;3.0;1.0;1.0;0.0;0.0;1.0;0.0;3.0;82.5;3;7.0;6.0;0.4
55.0;1.0;RS;11.0;1.0;1.0;6500.0;2.0;2.0;4.0;1.0;4.0;7.0;5.0;7.0;1.0;5.0;7.0;1.0;4.0;3.0;4.0;4.0;2.0;4.0;4.0;2.0;2.0;1.0;1.0;1.0;1.0;1.0;1.0;1.0;0.0;5.0;86.0;3;5.0;7.0;0.0
40.0;1.0;RJ;16.0;1.0;0.0;4500.0;2.0;0.0;7.0;3.0;5.0;0.0;4.0;7.0;0.0;3.0;7.0;6.0;2.0;5.0;4.0;4.0;1.0;3.0;4.0;5.0;2.0;1.0;3.0;1.0;1.0;0.0;0.0;1.0;0.0;3.0;79.5;3;7.0;7.0;1.0
33.0;1.0;PR;16.0;0.0;1.0;2500.0;3.0;2.0;7.0;3.0;7.0;4.0;4.0;7.0;7.0;0.0;7.0;3.0;1.0;2.0;1.0;2.0;2.0;2.0;5.0;5.0;1.0;1.0;2.0;1.0;1.0;0.0;0.0;0.0;0.0;2.0;76.0;3;7.0;7.0;0.3333333333333333
35.0;1.0;RS;16.0;1.0;1.0;1500.0;1.0;0.0;3.0;1.0;2.0;7.0;3.0;3.0;0.0;3.0;0.0;3.0;3.0;4.0;3.0;4.0;5.0;3.0;3.0;5.0;3.0;2.0;2.0;1.0;1.0;0.0;1.0;1.0;0.0;4.0;49.5;3;4.0;3.0;1.0
50.0;1.0;BA;16.0;0.0;1.0;2500.0;2.0;2.0;3.0;5.0;7.0;7.0;7.0;7.0;7.0;3.0;2.0;2.0;4.0;5.0;5.0;4.0;3.0;5.0;1.0;1.0;2.0;1.0;3.0;1.0;0.0;0.0;0.0;0.0;0.0;1.0;91.0;3;7.0;7.0;0.0
64.0;1.0;RJ;12.0;1.0;0.0;4500.0;4.0;3.0;7.0;7.0;5.0;4.0;5.0;5.0;5.0;7.0;7.0;4.0;2.0;3.0;4.0;4.0;3.0;4.0;5.0;5.0;4.0;2.0;4.0;1.0;0.0;0.0;1.0;0.0;0.0;2.0;99.5;3;7.0;7.0;0.25
57.0;1.0;SP;9.0;0.0;1.0;2500.0;3.0;2.0;7.0;3.0;4.0;7.0;7.0;3.0;6.0;5.0;7.0;7.0;4.0;4.0;1.0;2.0;4.0;4.0;5.0;4.0;1.0;1.0;1.0;0.0;0.0;0.0;1.0;1.0;0.0;2.0;95.0;3;7.0;7.0;0.3333333333333333
60.0;1.0;RJ;12.0;1.0;0.0;2500.0;2.0;2.0;2.0;1.0;3.0;7.0;7.0;2.0;7.0;0.0;2.0;2.0;5.0;2.0;4.0;5.0;3.0;4.0;4.0;2.0;3.0;1.0;1.0;1.0;0.0;0.0;0.0;1.0;0.0;2.0;59.0;3;3.0;7.0;0.0
65.0;1.0;MG;16.0;1.0;0.0;1500.0;1.0;0.0;7.0;1.0;0.0;2.0;3.0;5.0;4.0;7.0;7.0;7.0;5.0;4.0;3.0;2.0;3.0;3.0;1.0;3.0;3.0;2.0;3.0;1.0;0.0;0.0;0.0;0.0;0.0;1.0;82.0;3;7.0;7.0;1.0
59.0;1.0;GO;14.0;1.0;1.0;2500.0;3.0;3.0;7.0;4.0;7.0;7.0;5.0;7.0;2.0;7.0;7.0;4.0;2.0;1.0;4.0;4.0;2.0;5.0;2.0;4.0;3.0;2.0;5.0;1.0;1.0;0.0;0.0;1.0;0.0;3.0;108.5;3;7.0;7.0;0.0
20.0;1.0;CE;14.0;1.0;1.0;1500.0;4.0;1.0;7.0;1.0;6.0;3.0;2.0;0.0;5.0;7.0;7.0;7.0;5.0;5.0;5.0;3.0;1.0;2.0;5.0;4.0;5.0;3.0;4.0;1.0;1.0;0.0;0.0;1.0;0.0;3.0;92.0;3;7.0;5.0;0.75
53.0;1.0;DF;16.0;1.0;0.0;2500.0;2.0;1.0;4.0;2.0;1.0;2.0;4.0;3.0;0.0;4.0;4.0;2.0;4.0;1.0;2.0;4.0;2.0;2.0;4.0;3.0;3.0;1.0;2.0;1.0;1.0;0.0;1.0;1.0;0.0;4.0;52.0;3;6.0;3.0;0.5
37.0;1.0;CE;11.0;0.0;0.0;1500.0;4.0;1.0;5.0;0.0;0.0;0.0;2.0;0.0;7.0;1.0;2.0;0.0;3.0;3.0;5.0;5.0;4.0;5.0;2.0;5.0;1.0;1.0;1.0;1.0;1.0;0.0;0.0;1.0;0.0;3.0;45.0;3;5.0;7.0;0.75
62.0;1.0;SC;5.0;0.0;0.0;1500.0;2.0;2.0;7.0;4.0;3.0;7.0;3.0;6.0;2.0;6.0;7.0;7.0;5.0;1.0;5.0;3.0;2.0;3.0;4.0;5.0;2.0;2.0;1.0;1.0;1.0;0.0;0.0;1.0;0.0;3.0;92.0;3;7.0;7.0;0.0
65.0;1.0;SP;5.0;1.0;0.0;1500.0;3.0;3.0;4.0;5.0;4.0;4.0;2.0;4.0;7.0;0.0;2.0;0.0;2.0;3.0;3.0;4.0;2.0;2.0;4.0;4.0;4.0;1.0;1.0;1.0;1.0;0.0;0.0;1.0;0.0;3.0;61.0;3;7.0;7.0;0.0
60.0;1.0;BA;18.0;0.0;0.0;4500.0;2.0;2.0;7.0;4.0;5.0;6.0;7.0;4.0;7.0;7.0;7.0;7.0;2.0;3.0;4.0;4.0;3.0;4.0;5.0;5.0;5.0;2.0;4.0;1.0;0.0;0.0;0.0;1.0;0.0;2.0;105.0;3;7.0;7.0;0.0
46.0;1.0;PR;16.0;1.0;1.0;2500.0;3.0;2.0;7.0;4.0;7.0;7.0;7.0;3.0;3.0;4.0;7.0;7.0;2.0;4.0;3.0;4.0;2.0;4.0;2.0;4.0;4.0;2.0;4.0;1.0;0.0;0.0;0.0;1.0;0.0;2.0;96.0;3;7.0;6.0;0.3333333333333333
57.0;1.0;SP;12.0;0.0;1.0;2500.0;2.0;2.0;7.0;3.0;7.0;5.0;4.0;6.0;7.0;0.0;7.0;7.0;4.0;3.0;2.0;2.0;1.0;3.0;1.0;4.0;1.0;1.0;1.0;1.0;0.0;0.0;0.0;1.0;0.0;2.0;79.0;3;7.0;7.0;0.0
66.0;1.0;SP;16.0;1.0;0.0;2500.0;1.0;1.0;7.0;7.0;7.0;7.0;5.0;7.0;5.0;7.0;7.0;7.0;5.0;5.0;5.0;5.0;3.0;5.0;5.0;4.0;4.0;3.0;4.0;1.0;1.0;0.0;1.0;1.0;0.0;4.0;110.0;3;7.0;7.0;0.0
51.0;1.0;BA;16.0;1.0;1.0;4500.0;3.0;0.0;7.0;1.0;4.0;1.0;1.0;4.0;7.0;3.0;4.0;4.0;3.0;3.0;3.0;3.0;2.0;3.0;4.0;3.0;3.0;3.0;3.0;1.0;0.0;0.0;0.0;0.0;0.0;1.0;72.0;3;7.0;7.0;1.0
45.0;1.0;MG;5.0;1.0;1.0;2500.0;1.0;1.0;7.0;7.0;7.0;6.0;4.0;4.0;3.0;3.0;3.0;5.0;3.0;3.0;4.0;4.0;2.0;3.0;2.0;3.0;4.0;1.0;3.0;1.0;0.0;0.0;1.0;0.0;0.0;2.0;89.0;3;7.0;7.0;0.0
45.0;1.0;RN;16.0;1.0;1.0;8000.0;3.0;3.0;7.0;7.0;3.0;7.0;7.0;7.0;7.0;3.0;0.0;4.0;1.0;1.0;5.0;3.0;2.0;5.0;1.0;4.0;4.0;2.0;3.0;1.0;1.0;0.0;1.0;0.0;0.0;3.0;79.0;3;7.0;7.0;0.0
51.0;1.0;SC;16.0;0.0;1.0;8000.0;4.0;3.0;7.0;2.0;4.0;5.0;5.0;4.0;4.0;7.0;3.0;4.0;4.0;2.0;5.0;4.0;2.0;5.0;4.0;5.0;4.0;2.0;3.0;1.0;0.0;0.0;0.0;0.0;0.0;1.0;95.5;3;7.0;7.0;0.25
42.0;1.0;SP;16.0;0.0;1.0;2500.0;5.0;2.0;7.0;2.0;7.0;4.0;4.0;7.0;5.0;7.0;7.0;7.0;1.0;3.0;4.0;4.0;4.0;5.0;5.0;5.0;2.0;1.0;3.0;1.0;1.0;0.0;0.0;0.0;0.0;2.0;106.0;3;7.0;7.0;0.6
46.0;1.0;PI;16.0;0.0;0.0;1500.0;3.0;1.0;3.0;1.0;1.0;4.0;2.0;1.0;7.0;1.0;2.0;2.0;3.0;2.0;3.0;5.0;2.0;3.0;2.0;4.0;5.0;4.0;4.0;1.0;1.0;0.0;1.0;1.0;0.0;4.0;51.0;3;4.0;7.0;0.6666666666666666
27.0;1.0;MG;16.0;1.0;1.0;6500.0;3.0;2.0;7.0;4.0;7.0;7.0;7.0;7.0;7.0;7.0;7.0;2.0;5.0;5.0;4.0;5.0;5.0;5.0;5.0;5.0;5.0;1.0;1.0;1.0;1.0;0.0;0.0;1.0;0.0;3.0;109.5;3;7.0;7.0;0.3333333333333333
36.0;1.0;SP;11.0;1.0;0.0;1500.0;3.0;0.0;7.0;7.0;7.0;7.0;4.0;4.0;5.0;7.0;7.0;5.0;5.0;5.0;5.0;5.0;5.0;5.0;5.0;5.0;3.0;2.0;5.0;1.0;0.0;0.0;1.0;0.0;0.0;2.0;108.0;3;7.0;7.0;1.0
37.0;1.0;RJ;16.0;0.0;1.0;8000.0;2.0;2.0;6.0;5.0;6.0;6.0;4.0;6.0;5.0;7.0;7.0;7.0;2.0;3.0;4.0;3.0;3.0;4.0;2.0;4.0;4.0;2.0;3.0;1.0;0.0;0.0;1.0;1.0;0.0;3.0;105.0;3;7.0;7.0;0.0
31.0;1.0;CE;12.0;1.0;0.0;1500.0;2.0;1.0;7.0;7.0;7.0;7.0;6.0;3.0;0.0;3.0;7.0;7.0;2.0;1.0;5.0;5.0;3.0;5.0;4.0;5.0;3.0;2.0;3.0;1.0;1.0;0.0;1.0;1.0;0.0;4.0;79.0;3;7.0;3.0;0.5
67.0;1.0;SP;16.0;0.0;0.0;10000.0;2.0;2.0;7.0;2.0;5.0;7.0;7.0;7.0;7.0;7.0;7.0;3.0;5.0;4.0;3.0;5.0;2.0;3.0;5.0;2.0;5.0;1.0;1.0;1.0;0.0;0.0;1.0;0.0;0.0;2.0;104.0;3;7.0;7.0;0.0
48.0;1.0;PE;11.0;1.0;0.0;1500.0;2.0;0.0;0.0;0.0;0.0;0.0;0.0;0.0;0.0;0.0;0.0;0.0;1.0;1.0;1.0;1.0;1.0;1.0;1.0;4.0;1.0;1.0;1.0;0.0;0.0;1.0;0.0;0.0;0.0;1.0;0.0;1;0.0;0.0;1.0
36.0;1.0;BA;16.0;1.0;0.0;1500.0;2.0;0.0;7.0;3.0;7.0;7.0;4.0;7.0;7.0;3.0;7.0;7.0;3.0;5.0;2.0;4.0;4.0;4.0;3.0;4.0;4.0;2.0;3.0;1.0;0.0;0.0;0.0;0.0;0.0;1.0;93.0;3;7.0;7.0;1.0
66.0;1.0;CE;12.0;0.0;0.0;13500.0;3.0;0.0;7.0;0.0;5.0;4.0;7.0;7.0;7.0;5.0;4.0;0.0;2.0;2.0;3.0;4.0;3.0;3.0;4.0;2.0;2.0;2.0;2.0;0.0;0.0;0.0;0.0;1.0;0.0;1.0;90.0;3;7.0;7.0;1.0
64.0;1.0;PE;12.0;1.0;0.0;1500.0;4.0;1.0;7.0;0.0;2.0;2.0;3.0;1.0;2.0;7.0;7.0;3.0;1.0;2.0;1.0;3.0;1.0;1.0;1.0;3.0;1.0;1.0;1.0;0.0;1.0;0.0;0.0;0.0;0.0;1.0;70.0;3;7.0;3.0;0.75
57.0;1.0;PA;16.0;1.0;0.0;1500.0;5.0;1.0;7.0;4.0;2.0;2.0;7.0;2.0;5.0;7.0;3.0;2.0;1.0;3.0;4.0;5.0;4.0;5.0;5.0;4.0;1.0;1.0;1.0;1.0;1.0;0.0;1.0;0.0;0.0;3.0;87.5;3;7.0;7.0;0.8
50.0;1.0;BA;16.0;0.0;1.0;1500.0;3.0;1.0;7.0;7.0;7.0;7.0;7.0;6.0;0.0;7.0;2.0;5.0;4.0;2.0;3.0;4.0;4.0;5.0;5.0;5.0;1.0;2.0;5.0;1.0;1.0;0.0;0.0;0.0;0.0;2.0;104.5;3;7.0;6.0;0.6666666666666666
65.0;1.0;MG;9.0;1.0;0.0;1500.0;5.0;2.0;7.0;3.0;7.0;7.0;7.0;7.0;4.0;7.0;7.0;7.0;4.0;5.0;4.0;3.0;2.0;4.0;5.0;4.0;4.0;2.0;2.0;1.0;0.0;0.0;1.0;0.0;0.0;2.0;112.0;3;7.0;7.0;0.6
63.0;0.0;MG;16.0;0.0;1.0;19000.0;1.0;1.0;6.0;3.0;5.0;6.0;7.0;6.0;1.0;5.0;2.0;5.0;3.0;2.0;3.0;3.0;3.0;3.0;4.0;4.0;3.0;2.0;2.0;1.0;0.0;0.0;0.0;0.0;0.0;1.0;93.5;3;7.0;7.0;0.0
61.0;1.0;BA;18.0;1.0;1.0;4500.0;1.0;0.0;7.0;4.0;7.0;7.0;7.0;7.0;5.0;7.0;5.0;5.0;4.0;4.0;4.0;5.0;5.0;5.0;5.0;5.0;5.0;4.0;4.0;1.0;0.0;0.0;0.0;1.0;0.0;2.0;110.0;3;7.0;7.0;1.0
50.0;0.0;SC;9.0;0.0;1.0;4500.0;4.0;2.0;7.0;4.0;5.0;7.0;7.0;4.0;1.0;5.0;2.0;7.0;2.0;3.0;5.0;1.0;1.0;1.0;1.0;4.0;1.0;1.0;1.0;1.0;0.0;0.0;0.0;0.0;0.0;1.0;87.5;3;7.0;5.0;0.5
69.0;1.0;MG;16.0;0.0;0.0;4500.0;2.0;1.0;7.0;4.0;3.0;6.0;5.0;6.0;4.0;5.0;7.0;5.0;4.0;2.0;4.0;4.0;3.0;4.0;4.0;4.0;3.0;2.0;2.0;1.0;1.0;0.0;1.0;1.0;0.0;4.0;88.0;3;7.0;7.0;0.5
42.0;1.0;GO;16.0;1.0;0.0;1500.0;5.0;2.0;7.0;3.0;5.0;2.0;4.0;2.0;5.0;2.0;7.0;2.0;3.0;5.0;5.0;4.0;2.0;5.0;4.0;3.0;3.0;2.0;4.0;1.0;1.0;1.0;1.0;1.0;0.0;5.0;75.5;3;7.0;7.0;0.6
52.0;1.0;MG;12.0;1.0;0.0;1500.0;2.0;1.0;7.0;7.0;7.0;7.0;7.0;7.0;7.0;2.0;6.0;3.0;4.0;4.0;4.0;4.0;3.0;5.0;5.0;5.0;4.0;2.0;4.0;1.0;1.0;0.0;0.0;1.0;0.0;3.0;89.5;3;7.0;7.0;0.5
45.0;1.0;MG;16.0;1.0;1.0;2500.0;3.0;1.0;7.0;7.0;7.0;7.0;3.0;6.0;1.0;2.0;4.0;3.0;1.0;1.0;4.0;3.0;2.0;4.0;4.0;4.0;1.0;1.0;3.0;1.0;0.0;0.0;0.0;0.0;0.0;1.0;84.5;3;7.0;7.0;0.6666666666666666
51.0;1.0;PE;12.0;1.0;0.0;1500.0;2.0;2.0;6.0;2.0;3.0;2.0;4.0;4.0;3.0;2.0;7.0;3.0;2.0;1.0;4.0;4.0;2.0;4.0;3.0;4.0;4.0;4.0;3.0;1.0;1.0;0.0;1.0;1.0;0.0;4.0;70.0;3;7.0;7.0;0.0
35.0;1.0;PR;16.0;1.0;1.0;8000.0;3.0;3.0;6.0;2.0;5.0;7.0;5.0;6.0;7.0;7.0;7.0;6.0;2.0;2.0;5.0;4.0;3.0;4.0;2.0;4.0;3.0;3.0;4.0;1.0;0.0;0.0;1.0;0.0;0.0;2.0;103.5;3;7.0;7.0;0.0
58.0;1.0;SP;5.0;0.0;0.0;8000.0;4.0;2.0;7.0;4.0;7.0;7.0;4.0;7.0;7.0;7.0;7.0;2.0;4.0;3.0;3.0;5.0;4.0;4.0;4.0;5.0;2.0;2.0;2.0;1.0;1.0;0.0;1.0;1.0;0.0;4.0;106.5;3;7.0;7.0;0.5
45.0;1.0;PR;16.0;1.0;1.0;8000.0;3.0;1.0;4.0;4.0;5.0;7.0;7.0;7.0;6.0;7.0;3.0;4.0;3.0;1.0;5.0;4.0;4.0;5.0;5.0;5.0;4.0;1.0;2.0;1.0;1.0;0.0;1.0;1.0;0.0;4.0;102.5;3;7.0;7.0;0.6666666666666666
28.0;1.0;GO;11.0;1.0;0.0;1500.0;3.0;0.0;7.0;4.0;3.0;5.0;6.0;7.0;3.0;4.0;7.0;7.0;2.0;2.0;4.0;3.0;4.0;5.0;4.0;4.0;2.0;2.0;3.0;1.0;0.0;0.0;0.0;0.0;0.0;1.0;85.0;3;7.0;7.0;1.0
51.0;1.0;DF;12.0;0.0;1.0;1500.0;2.0;2.0;7.0;0.0;7.0;3.0;0.0;2.0;7.0;0.0;7.0;7.0;4.0;1.0;5.0;4.0;2.0;4.0;5.0;4.0;4.0;1.0;3.0;1.0;1.0;0.0;0.0;1.0;0.0;3.0;73.0;3;7.0;7.0;0.0
32.0;0.0;PI;16.0;0.0;1.0;2500.0;2.0;1.0;7.0;3.0;7.0;3.0;5.0;7.0;4.0;7.0;7.0;7.0;3.0;1.0;4.0;5.0;2.0;3.0;5.0;2.0;5.0;1.0;1.0;1.0;0.0;0.0;0.0;0.0;0.0;1.0;106.0;3;7.0;7.0;0.5
48.0;1.0;PE;11.0;1.0;0.0;1500.0;1.0;0.0;0.0;0.0;0.0;0.0;0.0;0.0;0.0;0.0;0.0;0.0;1.0;1.0;1.0;1.0;1.0;1.0;1.0;4.0;1.0;1.0;1.0;1.0;0.0;0.0;0.0;0.0;0.0;1.0;0.0;1;0.0;0.0;1.0
53.0;1.0;SP;16.0;0.0;1.0;6500.0;2.0;2.0;0.0;7.0;7.0;7.0;7.0;2.0;7.0;0.0;7.0;7.0;5.0;5.0;5.0;5.0;5.0;5.0;5.0;4.0;5.0;3.0;5.0;1.0;0.0;0.0;0.0;0.0;0.0;1.0;84.0;3;7.0;7.0;0.0
59.0;1.0;RJ;16.0;1.0;0.0;6500.0;1.0;1.0;6.0;3.0;5.0;3.0;3.0;7.0;2.0;7.0;6.0;3.0;3.0;4.0;5.0;4.0;2.0;5.0;4.0;4.0;3.0;2.0;5.0;1.0;1.0;0.0;1.0;0.0;0.0;3.0;95.5;3;7.0;7.0;0.0
36.0;0.0;RJ;11.0;0.0;1.0;2500.0;4.0;2.0;7.0;3.0;6.0;6.0;5.0;5.0;4.0;2.0;5.0;5.0;3.0;3.0;3.0;4.0;2.0;4.0;4.0;3.0;3.0;1.0;1.0;1.0;1.0;0.0;0.0;0.0;0.0;2.0;84.0;3;7.0;7.0;0.5
64.0;1.0;BA;16.0;0.0;0.0;1500.0;4.0;3.0;7.0;7.0;7.0;7.0;7.0;7.0;7.0;7.0;7.0;0.0;5.0;5.0;2.0;5.0;2.0;2.0;1.0;1.0;5.0;1.0;1.0;1.0;0.0;0.0;0.0;0.0;0.0;1.0;108.5;3;7.0;7.0;0.25
40.0;1.0;PE;16.0;0.0;1.0;4500.0;3.0;2.0;7.0;4.0;7.0;4.0;3.0;7.0;6.0;6.0;6.0;6.0;2.0;1.0;1.0;4.0;2.0;1.0;3.0;3.0;4.0;2.0;2.0;1.0;1.0;0.0;0.0;1.0;0.0;3.0;100.0;3;7.0;7.0;0.3333333333333333
62.0;1.0;SP;14.0;1.0;1.0;4500.0;1.0;1.0;7.0;2.0;7.0;3.0;7.0;7.0;1.0;2.0;5.0;5.0;2.0;3.0;5.0;4.0;3.0;5.0;3.0;4.0;2.0;2.0;3.0;1.0;0.0;0.0;1.0;1.0;0.0;3.0;86.0;3;7.0;7.0;0.0
48.0;1.0;RN;18.0;1.0;1.0;2500.0;2.0;1.0;7.0;3.0;7.0;7.0;7.0;7.0;5.0;5.0;5.0;5.0;4.0;4.0;5.0;4.0;4.0;5.0;4.0;4.0;4.0;3.0;4.0;1.0;0.0;0.0;0.0;0.0;0.0;1.0;102.0;3;7.0;7.0;0.5
62.0;1.0;RJ;12.0;1.0;0.0;2500.0;1.0;0.0;7.0;1.0;5.0;4.0;4.0;1.0;0.0;5.0;7.0;7.0;5.0;4.0;4.0;5.0;3.0;4.0;5.0;4.0;5.0;2.0;3.0;1.0;0.0;0.0;1.0;1.0;0.0;3.0;68.0;3;7.0;1.0;1.0
62.0;1.0;SP;12.0;0.0;0.0;6500.0;3.0;1.0;7.0;0.0;7.0;3.0;6.0;7.0;2.0;7.0;7.0;7.0;4.0;3.0;2.0;4.0;3.0;3.0;4.0;4.0;3.0;3.0;3.0;1.0;1.0;1.0;1.0;1.0;1.0;5.0;107.0;3;7.0;7.0;0.6666666666666666
47.0;1.0;SP;14.0;1.0;1.0;1500.0;4.0;2.0;7.0;3.0;7.0;7.0;3.0;7.0;5.0;7.0;7.0;7.0;2.0;1.0;2.0;4.0;2.0;2.0;1.0;4.0;5.0;2.0;2.0;1.0;1.0;1.0;1.0;1.0;0.0;5.0;108.0;3;7.0;7.0;0.5
48.0;1.0;PE;11.0;1.0;0.0;1500.0;1.0;0.0;0.0;0.0;0.0;0.0;0.0;0.0;0.0;0.0;0.0;0.0;1.0;1.0;1.0;1.0;1.0;2.0;1.0;4.0;1.0;1.0;1.0;1.0;0.0;1.0;1.0;0.0;0.0;3.0;0.0;1;0.0;0.0;1.0
66.0;1.0;SP;16.0;1.0;0.0;2500.0;1.0;0.0;7.0;7.0;4.0;7.0;7.0;5.0;3.0;7.0;7.0;7.0;3.0;5.0;4.0;3.0;3.0;4.0;5.0;4.0;3.0;2.0;2.0;1.0;0.0;0.0;1.0;1.0;0.0;3.0;103.0;3;7.0;7.0;1.0
59.0;1.0;MG;16.0;1.0;1.0;4500.0;1.0;1.0;3.0;1.0;7.0;3.0;7.0;3.0;7.0;0.0;4.0;5.0;4.0;2.0;1.0;4.0;3.0;4.0;4.0;4.0;3.0;2.0;3.0;1.0;0.0;0.0;0.0;1.0;0.0;2.0;71.5;3;4.0;7.0;0.0
26.0;0.0;AM;14.0;0.0;0.0;2500.0;3.0;2.0;6.0;2.0;0.0;0.0;1.0;7.0;0.0;7.0;4.0;7.0;1.0;1.0;5.0;1.0;1.0;2.0;1.0;1.0;1.0;1.0;1.0;0.0;0.0;0.0;0.0;1.0;0.0;1.0;76.5;3;7.0;7.0;0.3333333333333333
58.0;0.0;BA;14.0;0.0;0.0;2500.0;3.0;2.0;0.0;3.0;4.0;7.0;3.0;7.0;7.0;2.0;0.0;0.0;4.0;4.0;5.0;5.0;3.0;5.0;4.0;3.0;4.0;2.0;1.0;1.0;1.0;0.0;1.0;1.0;0.0;4.0;64.0;3;3.0;7.0;0.3333333333333333
59.0;1.0;GO;14.0;1.0;1.0;6500.0;3.0;3.0;7.0;4.0;7.0;4.0;6.0;7.0;0.0;7.0;7.0;2.0;2.0;1.0;2.0;4.0;2.0;5.0;4.0;4.0;4.0;2.0;4.0;1.0;0.0;0.0;0.0;0.0;0.0;1.0;105.5;3;7.0;7.0;0.0
43.0;1.0;SP;16.0;0.0;0.0;13500.0;3.0;1.0;7.0;1.0;3.0;0.0;0.0;5.0;3.0;3.0;3.0;4.0;4.0;4.0;3.0;4.0;2.0;3.0;2.0;2.0;2.0;1.0;1.0;1.0;0.0;0.0;0.0;0.0;0.0;1.0;66.5;3;7.0;7.0;0.6666666666666666
63.0;1.0;RJ;18.0;1.0;0.0;13500.0;1.0;0.0;5.0;7.0;5.0;7.0;7.0;7.0;4.0;5.0;0.0;6.0;4.0;3.0;2.0;5.0;3.0;4.0;4.0;4.0;2.0;1.0;2.0;0.0;0.0;0.0;0.0;1.0;0.0;1.0;94.0;3;7.0;7.0;1.0
60.0;1.0;SP;12.0;1.0;1.0;27500.0;4.0;3.0;7.0;5.0;3.0;7.0;7.0;3.0;1.0;7.0;0.0;0.0;4.0;5.0;5.0;5.0;4.0;5.0;5.0;5.0;5.0;2.0;2.0;1.0;1.0;0.0;1.0;1.0;0.0;4.0;81.0;3;7.0;4.0;0.25
68.0;1.0;MG;16.0;1.0;0.0;4500.0;5.0;2.0;7.0;3.0;2.0;7.0;6.0;6.0;7.0;2.0;3.0;3.0;4.0;4.0;5.0;5.0;2.0;4.0;4.0;4.0;4.0;2.0;4.0;1.0;1.0;0.0;1.0;1.0;0.0;4.0;72.0;3;7.0;7.0;0.6
41.0;1.0;PE;16.0;0.0;1.0;2500.0;3.0;2.0;5.0;3.0;5.0;2.0;5.0;3.0;7.0;0.0;7.0;4.0;4.0;4.0;5.0;5.0;1.0;4.0;4.0;4.0;4.0;1.0;3.0;1.0;1.0;0.0;1.0;1.0;0.0;4.0;69.5;3;7.0;7.0;0.3333333333333333
62.0;1.0;BA;16.0;1.0;0.0;8000.0;3.0;1.0;7.0;7.0;4.0;7.0;7.0;5.0;7.0;7.0;7.0;7.0;4.0;4.0;5.0;4.0;3.0;5.0;4.0;4.0;3.0;2.0;3.0;1.0;0.0;0.0;1.0;0.0;0.0;2.0;103.0;3;7.0;7.0;0.6666666666666666
46.0;1.0;BA;16.0;0.0;1.0;4500.0;2.0;2.0;7.0;7.0;7.0;7.0;7.0;7.0;7.0;7.0;7.0;7.0;3.0;4.0;4.0;4.0;3.0;5.0;4.0;4.0;2.0;3.0;4.0;1.0;0.0;0.0;1.0;1.0;0.0;3.0;112.0;3;7.0;7.0;0.0
53.0;1.0;DF;16.0;1.0;0.0;2500.0;2.0;1.0;7.0;4.0;5.0;4.0;4.0;5.0;0.0;5.0;5.0;4.0;2.0;2.0;2.0;2.0;2.0;2.0;2.0;2.0;2.0;1.0;2.0;1.0;1.0;0.0;1.0;1.0;0.0;4.0;81.5;3;7.0;5.0;0.5
46.0;1.0;PR;16.0;1.0;1.0;2500.0;3.0;2.0;7.0;5.0;7.0;7.0;4.0;3.0;3.0;3.0;4.0;3.0;2.0;2.0;4.0;3.0;2.0;4.0;2.0;3.0;3.0;2.0;4.0;1.0;1.0;0.0;1.0;1.0;0.0;4.0;85.5;3;7.0;6.0;0.3333333333333333
21.0;1.0;PE;14.0;1.0;0.0;4500.0;3.0;2.0;7.0;7.0;7.0;7.0;7.0;7.0;7.0;7.0;0.0;0.0;5.0;5.0;5.0;5.0;5.0;5.0;5.0;4.0;5.0;3.0;5.0;0.0;0.0;0.0;0.0;1.0;0.0;1.0;105.0;3;7.0;7.0;0.3333333333333333
37.0;1.0;MG;12.0;1.0;0.0;1500.0;3.0;0.0;7.0;1.0;1.0;1.0;0.0;7.0;2.0;0.0;5.0;2.0;1.0;2.0;5.0;5.0;2.0;5.0;3.0;4.0;2.0;1.0;3.0;1.0;0.0;0.0;0.0;0.0;0.0;1.0;49.5;3;7.0;7.0;1.0
50.0;1.0;SC;16.0;1.0;1.0;2500.0;1.0;1.0;3.0;2.0;3.0;7.0;5.0;7.0;2.0;4.0;0.0;5.0;4.0;5.0;3.0;5.0;2.0;3.0;4.0;5.0;4.0;1.0;2.0;1.0;0.0;0.0;0.0;1.0;0.0;2.0;77.5;3;5.0;7.0;0.0
53.0;1.0;DF;16.0;1.0;1.0;10000.0;3.0;3.0;7.0;7.0;7.0;7.0;7.0;7.0;7.0;7.0;7.0;7.0;2.0;3.0;5.0;5.0;4.0;4.0;5.0;5.0;4.0;4.0;5.0;1.0;0.0;0.0;0.0;0.0;0.0;1.0;112.0;3;7.0;7.0;0.0
35.0;1.0;SP;16.0;0.0;1.0;4500.0;4.0;3.0;7.0;7.0;7.0;0.0;7.0;7.0;7.0;7.0;0.0;7.0;4.0;5.0;5.0;4.0;3.0;5.0;1.0;3.0;4.0;4.0;5.0;1.0;0.0;0.0;0.0;0.0;0.0;1.0;101.5;3;7.0;7.0;0.25
30.0;1.0;MG;12.0;1.0;1.0;2500.0;4.0;2.0;7.0;7.0;7.0;7.0;7.0;7.0;2.0;7.0;7.0;7.0;3.0;4.0;3.0;3.0;3.0;3.0;3.0;4.0;3.0;3.0;2.0;1.0;1.0;0.0;1.0;1.0;0.0;4.0;112.0;3;7.0;7.0;0.5
42.0;1.0;BA;16.0;1.0;1.0;6500.0;1.0;1.0;7.0;7.0;3.0;7.0;4.0;7.0;7.0;7.0;7.0;7.0;2.0;1.0;5.0;5.0;4.0;5.0;4.0;1.0;4.0;2.0;1.0;1.0;1.0;0.0;1.0;1.0;0.0;4.0;97.0;3;7.0;7.0;0.0
50.0;0.0;SP;16.0;0.0;1.0;13500.0;3.0;2.0;7.0;4.0;4.0;3.0;7.0;6.0;3.0;7.0;7.0;4.0;4.0;3.0;4.0;4.0;3.0;4.0;2.0;2.0;4.0;2.0;3.0;1.0;0.0;0.0;1.0;1.0;0.0;3.0;97.5;3;7.0;7.0;0.3333333333333333
53.0;1.0;GO;16.0;1.0;1.0;4500.0;3.0;3.0;5.0;1.0;5.0;5.0;5.0;5.0;0.0;2.0;0.0;5.0;3.0;3.0;2.0;3.0;2.0;3.0;4.0;3.0;1.0;1.0;2.0;1.0;0.0;0.0;0.0;0.0;0.0;1.0;67.5;3;6.0;5.0;0.0
61.0;0.0;SP;16.0;1.0;0.0;4500.0;1.0;0.0;5.0;0.0;3.0;3.0;6.0;2.0;5.0;4.0;3.0;5.0;2.0;5.0;4.0;4.0;2.0;4.0;4.0;4.0;2.0;1.0;4.0;1.0;0.0;0.0;0.0;0.0;0.0;1.0;76.0;3;5.0;7.0;1.0
54.0;0.0;RS;12.0;0.0;1.0;4500.0;3.0;3.0;7.0;5.0;5.0;4.0;3.0;5.0;5.0;5.0;4.0;4.0;2.0;2.0;3.0;4.0;3.0;3.0;4.0;4.0;2.0;2.0;3.0;1.0;1.0;0.0;0.0;1.0;0.0;3.0;88.0;3;7.0;7.0;0.0
30.0;1.0;MG;14.0;1.0;1.0;2500.0;3.0;2.0;4.0;4.0;7.0;7.0;7.0;5.0;7.0;3.0;7.0;7.0;3.0;3.0;1.0;2.0;2.0;3.0;3.0;2.0;2.0;2.0;4.0;1.0;1.0;1.0;1.0;1.0;0.0;5.0;96.0;3;7.0;7.0;0.3333333333333333
45.0;1.0;PE;16.0;0.0;1.0;6500.0;3.0;1.0;6.0;6.0;6.0;4.0;3.0;7.0;7.0;6.0;6.0;7.0;4.0;3.0;3.0;5.0;4.0;5.0;1.0;2.0;4.0;3.0;1.0;1.0;1.0;0.0;0.0;0.0;0.0;2.0;97.5;3;7.0;7.0;0.6666666666666666
65.0;1.0;PR;18.0;1.0;0.0;4500.0;2.0;1.0;7.0;7.0;7.0;7.0;7.0;7.0;4.0;4.0;7.0;1.0;3.0;3.0;4.0;4.0;3.0;5.0;4.0;5.0;2.0;1.0;1.0;1.0;0.0;0.0;0.0;1.0;0.0;2.0;97.0;3;7.0;7.0;0.5
51.0;1.0;RJ;11.0;1.0;0.0;1500.0;2.0;0.0;7.0;5.0;7.0;4.0;2.0;4.0;4.0;3.0;2.0;7.0;4.0;3.0;5.0;4.0;2.0;5.0;3.0;4.0;4.0;3.0;4.0;1.0;0.0;0.0;1.0;1.0;0.0;3.0;85.5;3;7.0;7.0;1.0
70.0;1.0;SP;12.0;1.0;0.0;2500.0;1.0;0.0;7.0;7.0;7.0;7.0;7.0;6.0;5.0;7.0;7.0;7.0;5.0;1.0;3.0;5.0;2.0;2.0;4.0;2.0;4.0;4.0;3.0;1.0;0.0;0.0;0.0;0.0;0.0;1.0;112.0;3;7.0;7.0;1.0
65.0;1.0;SP;16.0;1.0;1.0;10000.0;2.0;0.0;7.0;2.0;3.0;4.0;5.0;6.0;4.0;4.0;5.0;7.0;5.0;5.0;5.0;5.0;3.0;5.0;5.0;5.0;5.0;3.0;5.0;1.0;0.0;0.0;1.0;1.0;0.0;3.0;82.0;3;7.0;7.0;1.0
54.0;1.0;RJ;16.0;0.0;0.0;1500.0;2.0;1.0;7.0;5.0;4.0;7.0;7.0;7.0;7.0;7.0;7.0;4.0;4.0;3.0;5.0;5.0;3.0;3.0;5.0;4.0;5.0;3.0;3.0;1.0;0.0;0.0;0.0;0.0;0.0;1.0;101.5;3;7.0;7.0;0.5
26.0;0.0;BA;16.0;1.0;1.0;10000.0;3.0;3.0;7.0;4.0;7.0;3.0;3.0;7.0;2.0;7.0;7.0;7.0;3.0;1.0;3.0;4.0;2.0;4.0;2.0;4.0;4.0;2.0;1.0;0.0;1.0;0.0;0.0;1.0;0.0;2.0;104.0;3;7.0;7.0;0.0
35.0;0.0;BA;16.0;1.0;1.0;1500.0;4.0;2.0;7.0;1.0;7.0;7.0;1.0;1.0;1.0;0.0;7.0;7.0;3.0;2.0;3.0;4.0;2.0;3.0;4.0;3.0;4.0;1.0;1.0;1.0;0.0;0.0;0.0;0.0;0.0;1.0;58.0;3;7.0;2.0;0.5
39.0;1.0;RJ;16.0;1.0;1.0;2500.0;3.0;2.0;5.0;3.0;0.0;5.0;7.0;2.0;7.0;6.0;3.0;5.0;3.0;2.0;4.0;4.0;2.0;4.0;3.0;4.0;4.0;2.0;4.0;1.0;1.0;0.0;1.0;0.0;0.0;3.0;82.0;3;7.0;7.0;0.3333333333333333
53.0;1.0;SP;22.0;0.0;1.0;8000.0;2.0;2.0;7.0;3.0;7.0;7.0;7.0;7.0;0.0;7.0;7.0;7.0;4.0;4.0;5.0;4.0;2.0;5.0;4.0;4.0;4.0;2.0;5.0;1.0;0.0;0.0;0.0;0.0;0.0;1.0;112.0;3;7.0;7.0;0.0
67.0;1.0;SP;14.0;0.0;0.0;6500.0;4.0;4.0;7.0;6.0;4.0;7.0;4.0;5.0;3.0;7.0;7.0;7.0;4.0;4.0;3.0;4.0;3.0;3.0;4.0;3.0;4.0;1.0;2.0;0.0;0.0;0.0;0.0;1.0;0.0;1.0;100.0;3;7.0;7.0;0.0
45.0;1.0;RJ;14.0;0.0;0.0;2500.0;3.0;1.0;7.0;7.0;7.0;7.0;5.0;7.0;7.0;7.0;2.0;2.0;4.0;3.0;4.0;3.0;2.0;3.0;5.0;5.0;3.0;3.0;1.0;1.0;0.0;0.0;0.0;0.0;0.0;1.0;105.0;3;7.0;7.0;0.6666666666666666
61.0;1.0;MG;12.0;1.0;0.0;1500.0;1.0;0.0;7.0;7.0;0.0;7.0;7.0;7.0;2.0;7.0;0.0;6.0;1.0;5.0;5.0;1.0;1.0;1.0;4.0;4.0;1.0;1.0;3.0;1.0;0.0;0.0;0.0;0.0;0.0;1.0;87.0;3;7.0;7.0;1.0
46.0;0.0;MG;16.0;1.0;1.0;1500.0;2.0;1.0;7.0;2.0;3.0;1.0;2.0;5.0;2.0;3.0;4.0;1.0;4.0;4.0;4.0;2.0;3.0;4.0;2.0;3.0;4.0;2.0;3.0;1.0;0.0;0.0;1.0;0.0;0.0;2.0;68.5;3;7.0;7.0;0.5
63.0;1.0;PE;14.0;1.0;0.0;4500.0;3.0;2.0;7.0;7.0;7.0;7.0;7.0;7.0;7.0;7.0;0.0;0.0;5.0;5.0;5.0;5.0;4.0;5.0;5.0;4.0;5.0;3.0;5.0;0.0;0.0;0.0;0.0;1.0;0.0;1.0;105.0;3;7.0;7.0;0.3333333333333333
44.0;1.0;RS;9.0;0.0;0.0;4500.0;4.0;2.0;6.0;5.0;3.0;5.0;2.0;4.0;5.0;2.0;1.0;1.0;2.0;4.0;5.0;5.0;3.0;5.0;2.0;5.0;2.0;3.0;5.0;1.0;0.0;0.0;0.0;0.0;0.0;1.0;67.0;3;7.0;7.0;0.5
55.0;1.0;RJ;5.0;0.0;0.0;1500.0;3.0;2.0;1.0;3.0;5.0;3.0;2.0;2.0;1.0;0.0;0.0;0.0;1.0;1.0;1.0;1.0;1.0;1.0;2.0;4.0;3.0;1.0;2.0;1.0;0.0;0.0;0.0;0.0;0.0;1.0;40.0;3;4.0;3.0;0.3333333333333333
48.0;1.0;RJ;12.0;0.0;0.0;1500.0;4.0;2.0;7.0;7.0;7.0;7.0;0.0;7.0;7.0;7.0;7.0;0.0;1.0;2.0;3.0;1.0;2.0;3.0;4.0;4.0;1.0;1.0;1.0;1.0;0.0;0.0;1.0;0.0;0.0;2.0;101.5;3;7.0;7.0;0.5
71.0;0.0;SE;18.0;0.0;0.0;13500.0;4.0;1.0;4.0;2.0;6.0;7.0;7.0;5.0;7.0;0.0;0.0;1.0;4.0;2.0;5.0;4.0;3.0;5.0;3.0;4.0;5.0;4.0;5.0;1.0;0.0;0.0;0.0;0.0;0.0;1.0;72.5;3;6.0;7.0;0.75
43.0;1.0;PI;11.0;0.0;0.0;1500.0;3.0;1.0;7.0;4.0;7.0;4.0;2.0;3.0;7.0;7.0;2.0;0.0;2.0;4.0;4.0;4.0;2.0;4.0;5.0;4.0;5.0;2.0;4.0;1.0;1.0;0.0;1.0;1.0;0.0;4.0;98.0;3;7.0;7.0;0.6666666666666666
61.0;1.0;SP;12.0;1.0;0.0;2500.0;1.0;1.0;7.0;3.0;7.0;7.0;7.0;5.0;4.0;4.0;7.0;3.0;4.0;4.0;4.0;4.0;3.0;4.0;3.0;4.0;2.0;2.0;2.0;1.0;1.0;0.0;1.0;1.0;0.0;4.0;98.0;3;7.0;7.0;0.0
41.0;1.0;GO;16.0;0.0;0.0;6500.0;3.0;1.0;7.0;3.0;7.0;7.0;4.0;7.0;3.0;7.0;7.0;3.0;5.0;4.0;5.0;4.0;2.0;4.0;5.0;2.0;4.0;1.0;3.0;1.0;0.0;0.0;0.0;1.0;0.0;2.0;107.0;3;7.0;7.0;0.6666666666666666
55.0;1.0;SP;12.0;0.0;0.0;4500.0;2.0;0.0;7.0;3.0;7.0;7.0;7.0;0.0;0.0;7.0;7.0;6.0;4.0;2.0;2.0;2.0;2.0;2.0;4.0;5.0;3.0;2.0;1.0;1.0;0.0;0.0;0.0;0.0;0.0;1.0;83.5;3;7.0;0.0;1.0
61.0;1.0;RJ;16.0;1.0;1.0;8000.0;4.0;2.0;7.0;5.0;7.0;5.0;5.0;7.0;6.0;6.0;7.0;7.0;3.0;3.0;5.0;4.0;3.0;5.0;3.0;5.0;3.0;3.0;4.0;1.0;0.0;0.0;0.0;1.0;0.0;2.0;104.0;3;7.0;7.0;0.5
76.0;1.0;RJ;12.0;1.0;1.0;2500.0;1.0;0.0;3.0;7.0;7.0;7.0;7.0;7.0;6.0;7.0;7.0;7.0;5.0;5.0;5.0;5.0;5.0;5.0;5.0;4.0;5.0;3.0;4.0;1.0;0.0;0.0;0.0;0.0;0.0;1.0;112.0;3;7.0;7.0;1.0
46.0;1.0;BA;14.0;0.0;1.0;2500.0;2.0;2.0;3.0;7.0;5.0;5.0;7.0;3.0;2.0;1.0;1.0;3.0;3.0;4.0;4.0;3.0;2.0;4.0;3.0;4.0;3.0;2.0;4.0;1.0;0.0;0.0;1.0;1.0;0.0;3.0;67.0;3;7.0;5.0;0.0
56.0;1.0;SC;12.0;1.0;0.0;1500.0;1.0;0.0;7.0;3.0;7.0;7.0;2.0;0.0;0.0;7.0;7.0;0.0;5.0;2.0;1.0;4.0;1.0;4.0;5.0;5.0;5.0;3.0;1.0;1.0;1.0;0.0;1.0;1.0;0.0;4.0;75.5;3;7.0;0.0;1.0
61.0;1.0;BA;12.0;1.0;0.0;2500.0;3.0;1.0;7.0;7.0;2.0;0.0;4.0;3.0;1.0;7.0;6.0;6.0;5.0;2.0;5.0;4.0;2.0;4.0;4.0;4.0;3.0;1.0;4.0;1.0;1.0;1.0;1.0;1.0;0.0;5.0;74.0;3;7.0;4.0;0.6666666666666666
57.0;0.0;BA;11.0;0.0;1.0;2500.0;4.0;3.0;7.0;5.0;7.0;5.0;7.0;7.0;4.0;4.0;7.0;3.0;3.0;4.0;4.0;4.0;3.0;4.0;4.0;4.0;3.0;3.0;1.0;1.0;1.0;0.0;1.0;0.0;0.0;3.0;96.0;3;7.0;7.0;0.25
65.0;1.0;PR;11.0;1.0;1.0;2500.0;2.0;1.0;7.0;5.0;2.0;5.0;7.0;4.0;3.0;3.0;7.0;4.0;2.0;5.0;2.0;4.0;2.0;4.0;2.0;4.0;4.0;2.0;2.0;0.0;0.0;0.0;0.0;1.0;0.0;1.0;77.5;3;7.0;7.0;0.5
64.0;1.0;SP;16.0;0.0;0.0;2500.0;2.0;2.0;7.0;5.0;6.0;6.0;7.0;6.0;2.0;7.0;7.0;7.0;3.0;3.0;3.0;4.0;2.0;3.0;5.0;5.0;1.0;1.0;1.0;1.0;1.0;0.0;1.0;1.0;0.0;4.0;108.0;3;7.0;7.0;0.0
40.0;1.0;RJ;16.0;1.0;0.0;2500.0;2.0;1.0;7.0;7.0;4.0;5.0;2.0;2.0;7.0;7.0;1.0;1.0;2.0;5.0;4.0;4.0;2.0;3.0;2.0;4.0;4.0;2.0;3.0;1.0;1.0;0.0;1.0;1.0;0.0;4.0;90.0;3;7.0;7.0;0.5
34.0;1.0;SP;11.0;1.0;1.0;4500.0;1.0;0.0;5.0;5.0;2.0;5.0;7.0;5.0;2.0;5.0;5.0;5.0;2.0;3.0;5.0;2.0;2.0;4.0;4.0;4.0;2.0;2.0;3.0;1.0;0.0;0.0;0.0;1.0;0.0;2.0;85.0;3;7.0;7.0;1.0
23.0;1.0;PB;14.0;1.0;0.0;2500.0;3.0;2.0;7.0;3.0;7.0;4.0;7.0;4.0;3.0;7.0;7.0;7.0;3.0;2.0;4.0;4.0;4.0;5.0;4.0;5.0;3.0;2.0;2.0;1.0;1.0;0.0;1.0;1.0;0.0;4.0;109.0;3;7.0;7.0;0.3333333333333333
58.0;1.0;BA;16.0;0.0;1.0;4500.0;2.0;1.0;7.0;5.0;5.0;7.0;7.0;6.0;5.0;0.0;2.0;2.0;3.0;4.0;4.0;3.0;3.0;4.0;3.0;4.0;3.0;3.0;3.0;1.0;0.0;0.0;1.0;1.0;0.0;3.0;73.0;3;7.0;7.0;0.5
56.0;1.0;BA;16.0;1.0;1.0;6500.0;2.0;1.0;7.0;7.0;7.0;5.0;7.0;4.0;5.0;7.0;2.0;7.0;3.0;3.0;3.0;5.0;3.0;3.0;4.0;3.0;4.0;2.0;2.0;1.0;1.0;0.0;1.0;1.0;0.0;4.0;107.5;3;7.0;7.0;0.5
34.0;1.0;TO;14.0;1.0;1.0;1500.0;1.0;1.0;7.0;4.0;7.0;4.0;7.0;7.0;5.0;4.0;7.0;5.0;2.0;1.0;2.0;3.0;2.0;4.0;2.0;2.0;2.0;2.0;2.0;0.0;0.0;0.0;0.0;1.0;0.0;1.0;96.0;3;7.0;7.0;0.0
48.0;0.0;BA;16.0;0.0;1.0;4500.0;2.0;1.0;5.0;5.0;5.0;5.0;5.0;5.0;6.0;6.0;0.0;2.0;4.0;4.0;4.0;4.0;3.0;4.0;4.0;3.0;4.0;2.0;4.0;1.0;0.0;0.0;0.0;0.0;0.0;1.0;92.0;3;7.0;7.0;0.5
38.0;1.0;BA;16.0;1.0;1.0;4500.0;1.0;1.0;4.0;2.0;4.0;3.0;5.0;3.0;7.0;7.0;7.0;7.0;2.0;4.0;5.0;4.0;3.0;5.0;4.0;4.0;4.0;2.0;5.0;1.0;1.0;0.0;0.0;0.0;0.0;2.0;95.0;3;6.0;7.0;0.0
66.0;1.0;RJ;16.0;1.0;0.0;6500.0;2.0;1.0;7.0;2.0;7.0;7.0;7.0;0.0;7.0;7.0;7.0;0.0;5.0;5.0;5.0;5.0;5.0;5.0;4.0;4.0;5.0;4.0;4.0;1.0;0.0;0.0;0.0;0.0;0.0;1.0;108.5;3;7.0;7.0;0.5
48.0;0.0;SP;16.0;1.0;1.0;1500.0;4.0;3.0;5.0;3.0;5.0;3.0;2.0;6.0;3.0;5.0;7.0;6.0;3.0;2.0;2.0;2.0;1.0;3.0;3.0;4.0;3.0;1.0;3.0;1.0;0.0;0.0;0.0;0.0;0.0;1.0;88.5;3;7.0;7.0;0.25
67.0;1.0;RJ;14.0;0.0;0.0;2500.0;2.0;0.0;1.0;7.0;7.0;7.0;7.0;7.0;7.0;4.0;3.0;2.0;5.0;4.0;2.0;5.0;3.0;5.0;5.0;5.0;5.0;2.0;3.0;1.0;0.0;0.0;0.0;0.0;0.0;1.0;95.5;3;7.0;7.0;1.0
61.0;1.0;MG;12.0;1.0;0.0;1500.0;1.0;1.0;7.0;3.0;7.0;7.0;7.0;7.0;2.0;7.0;0.0;7.0;4.0;4.0;5.0;1.0;1.0;5.0;1.0;4.0;1.0;1.0;3.0;1.0;1.0;0.0;0.0;1.0;0.0;3.0;108.5;3;7.0;7.0;0.0
52.0;1.0;SP;11.0;0.0;1.0;2500.0;6.0;4.0;7.0;0.0;7.0;3.0;4.0;7.0;2.0;0.0;7.0;7.0;5.0;4.0;5.0;5.0;4.0;5.0;5.0;4.0;2.0;1.0;3.0;1.0;1.0;0.0;0.0;1.0;0.0;3.0;77.0;3;7.0;7.0;0.3333333333333333
52.0;1.0;PB;16.0;0.0;0.0;4500.0;3.0;2.0;7.0;3.0;3.0;7.0;7.0;4.0;3.0;0.0;7.0;1.0;4.0;3.0;5.0;5.0;3.0;5.0;2.0;4.0;4.0;3.0;5.0;1.0;0.0;0.0;1.0;0.0;0.0;2.0;69.0;3;7.0;7.0;0.3333333333333333
47.0;1.0;MG;16.0;0.0;1.0;6500.0;2.0;2.0;7.0;7.0;7.0;7.0;4.0;7.0;3.0;0.0;7.0;1.0;5.0;5.0;5.0;5.0;3.0;4.0;5.0;4.0;4.0;1.0;2.0;1.0;0.0;0.0;0.0;0.0;0.0;1.0;78.0;3;7.0;7.0;0.0
47.0;1.0;MG;9.0;1.0;0.0;2500.0;1.0;0.0;7.0;5.0;7.0;7.0;7.0;7.0;0.0;7.0;7.0;1.0;5.0;4.0;4.0;2.0;2.0;3.0;2.0;2.0;2.0;2.0;2.0;0.0;0.0;0.0;1.0;0.0;0.0;1.0;109.0;3;7.0;7.0;1.0
65.0;1.0;SP;16.0;1.0;0.0;1500.0;2.0;1.0;7.0;7.0;7.0;5.0;7.0;7.0;7.0;0.0;0.0;5.0;5.0;5.0;5.0;5.0;2.0;4.0;5.0;4.0;5.0;2.0;5.0;1.0;0.0;1.0;0.0;0.0;0.0;2.0;77.5;3;7.0;7.0;0.5
54.0;1.0;GO;16.0;1.0;1.0;6500.0;3.0;3.0;4.0;6.0;5.0;4.0;6.0;3.0;5.0;7.0;2.0;3.0;2.0;1.0;3.0;3.0;2.0;1.0;1.0;4.0;2.0;2.0;1.0;1.0;0.0;0.0;1.0;1.0;0.0;3.0;97.5;3;7.0;7.0;0.0
66.0;1.0;BA;16.0;1.0;0.0;6500.0;3.0;0.0;7.0;2.0;7.0;7.0;7.0;3.0;7.0;7.0;7.0;7.0;4.0;1.0;4.0;4.0;3.0;4.0;2.0;1.0;4.0;1.0;3.0;1.0;0.0;0.0;1.0;0.0;0.0;2.0;112.0;3;7.0;7.0;1.0
44.0;1.0;SC;12.0;0.0;0.0;8000.0;3.0;1.0;5.0;3.0;1.0;5.0;6.0;7.0;4.0;3.0;5.0;5.0;2.0;3.0;4.0;5.0;2.0;4.0;5.0;4.0;4.0;3.0;1.0;1.0;0.0;0.0;1.0;1.0;0.0;3.0;73.0;3;7.0;7.0;0.6666666666666666
62.0;1.0;PB;12.0;1.0;0.0;1500.0;2.0;1.0;7.0;3.0;3.0;2.0;5.0;2.0;4.0;2.0;3.0;7.0;4.0;4.0;4.0;5.0;2.0;4.0;4.0;4.0;2.0;2.0;5.0;1.0;0.0;0.0;0.0;0.0;0.0;1.0;67.0;3;7.0;6.0;0.5
58.0;1.0;RJ;16.0;0.0;1.0;4500.0;2.0;1.0;7.0;7.0;7.0;7.0;7.0;7.0;2.0;7.0;1.0;7.0;3.0;1.0;4.0;4.0;3.0;3.0;1.0;3.0;3.0;2.0;3.0;0.0;0.0;0.0;1.0;0.0;0.0;1.0;109.0;3;7.0;7.0;0.5
52.0;1.0;RS;5.0;1.0;1.0;1500.0;1.0;1.0;7.0;0.0;0.0;7.0;7.0;0.0;2.0;7.0;0.0;1.0;4.0;2.0;4.0;3.0;2.0;4.0;5.0;4.0;2.0;2.0;3.0;1.0;0.0;0.0;0.0;0.0;0.0;1.0;64.5;3;7.0;2.0;0.0
51.0;1.0;BA;16.0;1.0;1.0;4500.0;3.0;1.0;6.0;0.0;5.0;2.0;2.0;6.0;5.0;6.0;4.0;4.0;4.0;2.0;4.0;4.0;3.0;4.0;4.0;3.0;4.0;2.0;3.0;1.0;1.0;0.0;0.0;1.0;0.0;3.0;87.0;3;6.0;7.0;0.6666666666666666
53.0;1.0;DF;16.0;1.0;0.0;2500.0;2.0;1.0;5.0;5.0;5.0;5.0;3.0;4.0;1.0;5.0;5.0;5.0;3.0;3.0;2.0;3.0;2.0;2.0;2.0;2.0;2.0;1.0;2.0;1.0;1.0;0.0;1.0;1.0;0.0;4.0;82.0;3;7.0;5.0;0.5
58.0;1.0;PR;14.0;0.0;0.0;4500.0;3.0;2.0;5.0;1.0;5.0;5.0;5.0;3.0;3.0;5.0;5.0;5.0;4.0;4.0;5.0;5.0;4.0;5.0;4.0;4.0;4.0;1.0;2.0;1.0;0.0;0.0;0.0;0.0;0.0;1.0;86.0;3;6.0;6.0;0.3333333333333333
60.0;0.0;SP;16.0;1.0;0.0;1500.0;1.0;1.0;2.0;2.0;7.0;7.0;7.0;0.0;0.0;0.0;1.0;2.0;2.0;4.0;1.0;2.0;2.0;3.0;2.0;5.0;3.0;4.0;5.0;1.0;1.0;0.0;0.0;1.0;0.0;3.0;44.5;3;4.0;0.0;0.0
48.0;1.0;RJ;16.0;1.0;1.0;4500.0;2.0;2.0;7.0;7.0;7.0;7.0;7.0;7.0;4.0;4.0;7.0;7.0;4.0;4.0;3.0;4.0;2.0;2.0;4.0;5.0;3.0;1.0;1.0;0.0;1.0;0.0;0.0;1.0;0.0;2.0;100.0;3;7.0;7.0;0.0
45.0;1.0;SP;16.0;1.0;1.0;2500.0;3.0;2.0;5.0;3.0;5.0;5.0;0.0;5.0;0.0;5.0;5.0;5.0;1.0;3.0;4.0;2.0;2.0;4.0;2.0;4.0;2.0;1.0;3.0;1.0;1.0;0.0;0.0;0.0;0.0;2.0;79.0;3;7.0;5.0;0.3333333333333333
53.0;1.0;DF;16.0;1.0;0.0;1500.0;2.0;1.0;7.0;4.0;4.0;4.0;4.0;5.0;3.0;5.0;5.0;5.0;2.0;2.0;2.0;2.0;2.0;2.0;2.0;2.0;2.0;1.0;2.0;1.0;1.0;0.0;1.0;1.0;0.0;4.0;87.0;3;7.0;7.0;0.5
39.0;1.0;PR;16.0;0.0;1.0;4500.0;6.0;2.0;7.0;3.0;7.0;7.0;7.0;1.0;7.0;1.0;7.0;4.0;3.0;4.0;5.0;4.0;3.0;5.0;4.0;4.0;5.0;2.0;4.0;1.0;0.0;0.0;1.0;1.0;0.0;3.0;86.5;3;7.0;7.0;0.6666666666666666
62.0;1.0;SP;12.0;0.0;0.0;2500.0;3.0;1.0;2.0;3.0;5.0;7.0;5.0;5.0;2.0;7.0;4.0;4.0;3.0;3.0;3.0;3.0;3.0;3.0;5.0;4.0;3.0;3.0;3.0;0.0;1.0;0.0;0.0;1.0;0.0;2.0;97.0;3;5.0;7.0;0.6666666666666666
65.0;1.0;SP;16.0;1.0;1.0;10000.0;2.0;1.0;5.0;2.0;5.0;5.0;3.0;4.0;1.0;4.0;5.0;5.0;5.0;5.0;5.0;5.0;3.0;5.0;5.0;4.0;5.0;3.0;5.0;1.0;1.0;0.0;1.0;1.0;0.0;4.0;78.0;3;7.0;5.0;0.5
53.0;1.0;SP;22.0;0.0;1.0;8000.0;3.0;2.0;7.0;0.0;7.0;7.0;7.0;7.0;2.0;7.0;7.0;7.0;4.0;3.0;5.0;4.0;3.0;5.0;2.0;4.0;3.0;2.0;5.0;1.0;0.0;0.0;0.0;0.0;0.0;1.0;112.0;3;7.0;7.0;0.3333333333333333
57.0;1.0;BA;22.0;1.0;1.0;10000.0;1.0;0.0;7.0;4.0;4.0;4.0;4.0;3.0;0.0;4.0;0.0;3.0;4.0;5.0;5.0;5.0;4.0;5.0;5.0;5.0;4.0;3.0;4.0;1.0;0.0;0.0;1.0;0.0;0.0;2.0;63.5;3;7.0;3.0;1.0
29.0;1.0;MG;12.0;0.0;1.0;1500.0;7.0;3.0;6.0;1.0;7.0;4.0;3.0;6.0;6.0;6.0;4.0;4.0;3.0;2.0;5.0;4.0;3.0;5.0;4.0;5.0;4.0;2.0;5.0;0.0;0.0;0.0;0.0;1.0;0.0;1.0;98.0;3;7.0;7.0;0.5714285714285714
27.0;0.0;PR;12.0;1.0;1.0;1500.0;2.0;2.0;3.0;2.0;2.0;2.0;2.0;2.0;2.0;2.0;2.0;2.0;4.0;3.0;3.0;3.0;3.0;3.0;3.0;3.0;3.0;3.0;3.0;1.0;0.0;0.0;0.0;0.0;0.0;1.0;46.0;3;5.0;4.0;0.0
43.0;1.0;PR;12.0;1.0;1.0;2500.0;3.0;3.0;7.0;7.0;7.0;7.0;7.0;4.0;3.0;0.0;7.0;7.0;2.0;1.0;4.0;2.0;3.0;4.0;3.0;4.0;3.0;2.0;3.0;1.0;0.0;0.0;0.0;0.0;0.0;1.0;84.0;3;7.0;7.0;0.0
66.0;1.0;SP;12.0;1.0;1.0;6500.0;1.0;1.0;7.0;7.0;7.0;7.0;7.0;7.0;5.0;7.0;7.0;2.0;4.0;4.0;5.0;5.0;3.0;5.0;4.0;3.0;4.0;2.0;2.0;1.0;0.0;0.0;1.0;0.0;0.0;2.0;109.5;3;7.0;7.0;0.0
36.0;0.0;SP;12.0;0.0;0.0;1500.0;1.0;0.0;7.0;3.0;7.0;3.0;2.0;0.0;7.0;5.0;7.0;7.0;2.0;3.0;5.0;3.0;2.0;5.0;4.0;5.0;2.0;1.0;4.0;1.0;1.0;0.0;1.0;1.0;0.0;4.0;95.0;3;7.0;7.0;1.0
48.0;1.0;RN;16.0;1.0;1.0;2500.0;2.0;1.0;7.0;3.0;5.0;3.0;5.0;7.0;3.0;7.0;5.0;4.0;2.0;3.0;2.0;2.0;2.0;3.0;2.0;2.0;1.0;2.0;2.0;1.0;1.0;0.0;1.0;1.0;0.0;4.0;97.5;3;7.0;7.0;0.5
73.0;0.0;PE;12.0;1.0;1.0;2500.0;2.0;0.0;7.0;7.0;7.0;7.0;7.0;4.0;7.0;7.0;1.0;7.0;2.0;1.0;3.0;4.0;3.0;3.0;4.0;4.0;4.0;2.0;1.0;1.0;1.0;0.0;0.0;1.0;0.0;3.0;109.0;3;7.0;7.0;1.0
62.0;1.0;PR;18.0;0.0;0.0;4500.0;3.0;2.0;7.0;7.0;7.0;7.0;7.0;0.0;4.0;7.0;3.0;7.0;4.0;5.0;4.0;4.0;3.0;4.0;3.0;3.0;3.0;3.0;4.0;1.0;0.0;0.0;1.0;1.0;0.0;3.0;98.0;3;7.0;4.0;0.3333333333333333
53.0;1.0;DF;16.0;1.0;0.0;1500.0;2.0;1.0;5.0;4.0;5.0;4.0;4.0;5.0;3.0;5.0;5.0;5.0;2.0;2.0;2.0;2.0;2.0;2.0;2.0;2.0;2.0;2.0;2.0;1.0;0.0;0.0;1.0;1.0;0.0;3.0;90.0;3;7.0;7.0;0.5
60.0;1.0;MG;16.0;1.0;0.0;8000.0;2.0;1.0;0.0;0.0;7.0;7.0;7.0;6.0;7.0;5.0;7.0;0.0;4.0;3.0;4.0;4.0;2.0;4.0;3.0;3.0;2.0;2.0;3.0;1.0;1.0;0.0;1.0;0.0;0.0;3.0;86.5;3;0.0;7.0;0.5
59.0;1.0;SP;16.0;1.0;1.0;4500.0;3.0;2.0;7.0;5.0;7.0;7.0;7.0;1.0;7.0;6.0;3.0;2.0;4.0;4.0;4.0;5.0;4.0;5.0;5.0;4.0;4.0;3.0;5.0;1.0;0.0;0.0;1.0;0.0;0.0;2.0;103.5;3;7.0;7.0;0.3333333333333333
46.0;0.0;MG;16.0;1.0;1.0;1500.0;2.0;2.0;7.0;3.0;3.0;3.0;2.0;4.0;2.0;3.0;5.0;3.0;3.0;3.0;5.0;3.0;3.0;5.0;3.0;4.0;3.0;2.0;3.0;1.0;0.0;0.0;1.0;1.0;0.0;3.0;68.0;3;7.0;6.0;0.0
22.0;0.0;DF;12.0;1.0;0.0;1500.0;2.0;1.0;5.0;4.0;5.0;5.0;4.0;5.0;3.0;5.0;5.0;5.0;2.0;2.0;2.0;2.0;2.0;2.0;2.0;2.0;2.0;2.0;2.0;1.0;1.0;0.0;1.0;1.0;0.0;4.0;91.0;3;7.0;7.0;0.5
60.0;1.0;PI;16.0;0.0;1.0;4500.0;6.0;3.0;7.0;4.0;4.0;6.0;7.0;7.0;2.0;7.0;7.0;3.0;4.0;4.0;5.0;4.0;3.0;5.0;4.0;2.0;4.0;2.0;3.0;1.0;0.0;0.0;0.0;0.0;0.0;1.0;100.0;3;7.0;7.0;0.5
49.0;0.0;RJ;16.0;0.0;1.0;2500.0;5.0;3.0;7.0;2.0;4.0;3.0;2.0;7.0;3.0;1.0;7.0;7.0;1.0;2.0;3.0;4.0;2.0;3.0;1.0;4.0;2.0;2.0;2.0;1.0;0.0;0.0;0.0;0.0;0.0;1.0;70.0;3;7.0;7.0;0.4
53.0;1.0;SP;16.0;0.0;1.0;4500.0;2.0;2.0;0.0;7.0;7.0;7.0;7.0;2.0;7.0;0.0;0.0;2.0;5.0;2.0;5.0;5.0;5.0;5.0;5.0;5.0;5.0;4.0;4.0;1.0;0.0;0.0;0.0;0.0;0.0;1.0;78.0;3;7.0;7.0;0.0
43.0;1.0;MG;16.0;0.0;1.0;4500.0;2.0;2.0;7.0;2.0;4.0;4.0;6.0;6.0;3.0;0.0;3.0;4.0;4.0;3.0;4.0;4.0;3.0;4.0;4.0;5.0;4.0;3.0;4.0;1.0;1.0;0.0;0.0;1.0;0.0;3.0;67.5;3;7.0;7.0;0.0
35.0;1.0;GO;14.0;0.0;1.0;4500.0;4.0;2.0;7.0;1.0;7.0;5.0;5.0;3.0;7.0;3.0;7.0;3.0;2.0;1.0;1.0;4.0;3.0;1.0;2.0;2.0;2.0;1.0;1.0;1.0;1.0;0.0;0.0;1.0;0.0;3.0;90.0;3;7.0;7.0;0.5
64.0;1.0;SP;14.0;0.0;0.0;2500.0;2.0;2.0;6.0;4.0;7.0;7.0;7.0;7.0;3.0;6.0;7.0;2.0;4.0;4.0;5.0;5.0;5.0;5.0;5.0;5.0;4.0;4.0;5.0;1.0;1.0;0.0;1.0;1.0;0.0;4.0;105.5;3;7.0;7.0;0.0
55.0;1.0;RJ;12.0;1.0;0.0;1500.0;2.0;1.0;7.0;3.0;3.0;5.0;7.0;4.0;2.0;5.0;7.0;3.0;4.0;3.0;4.0;3.0;2.0;3.0;4.0;3.0;2.0;1.0;3.0;1.0;0.0;0.0;0.0;1.0;0.0;2.0;84.0;3;7.0;6.0;0.5
37.0;1.0;MA;16.0;0.0;0.0;4500.0;2.0;1.0;7.0;6.0;6.0;7.0;5.0;7.0;3.0;4.0;7.0;7.0;2.0;2.0;4.0;4.0;3.0;4.0;4.0;5.0;4.0;4.0;5.0;1.0;1.0;0.0;1.0;1.0;0.0;4.0;95.0;3;7.0;7.0;0.5
29.0;1.0;PI;14.0;1.0;1.0;1500.0;5.0;4.0;7.0;7.0;7.0;7.0;3.0;7.0;5.0;4.0;7.0;7.0;4.0;3.0;3.0;4.0;2.0;5.0;3.0;4.0;3.0;1.0;5.0;1.0;1.0;0.0;0.0;0.0;0.0;2.0;96.0;3;7.0;7.0;0.2
52.0;1.0;MG;16.0;1.0;1.0;2500.0;3.0;2.0;6.0;1.0;5.0;4.0;0.0;4.0;1.0;7.0;2.0;3.0;2.0;1.0;3.0;3.0;3.0;3.0;4.0;1.0;4.0;2.0;1.0;1.0;1.0;0.0;0.0;1.0;0.0;3.0;83.5;3;7.0;5.0;0.3333333333333333
47.0;1.0;RN;12.0;1.0;0.0;2500.0;2.0;1.0;7.0;1.0;4.0;5.0;7.0;7.0;7.0;0.0;0.0;3.0;4.0;2.0;1.0;2.0;2.0;4.0;4.0;2.0;4.0;2.0;4.0;1.0;0.0;0.0;0.0;0.0;0.0;1.0;67.5;3;7.0;7.0;0.5
53.0;1.0;RS;5.0;0.0;0.0;1500.0;3.0;1.0;7.0;5.0;2.0;4.0;6.0;5.0;2.0;2.0;3.0;4.0;4.0;4.0;4.0;5.0;5.0;5.0;4.0;4.0;3.0;3.0;1.0;1.0;1.0;0.0;1.0;1.0;0.0;4.0;69.5;3;7.0;7.0;0.6666666666666666
54.0;0.0;PR;5.0;1.0;1.0;2500.0;4.0;2.0;7.0;0.0;7.0;4.0;0.0;7.0;5.0;0.0;7.0;0.0;2.0;4.0;2.0;4.0;2.0;5.0;4.0;4.0;3.0;1.0;1.0;1.0;0.0;0.0;0.0;0.0;0.0;1.0;70.5;3;7.0;7.0;0.5
52.0;1.0;MG;14.0;1.0;1.0;2500.0;3.0;2.0;4.0;2.0;4.0;4.0;0.0;5.0;1.0;6.0;2.0;3.0;3.0;2.0;2.0;4.0;1.0;2.0;4.0;1.0;4.0;2.0;1.0;1.0;1.0;0.0;0.0;1.0;0.0;3.0;78.5;3;6.0;6.0;0.3333333333333333
48.0;1.0;CE;12.0;0.0;1.0;1500.0;5.0;2.0;7.0;7.0;7.0;5.0;6.0;7.0;3.0;5.0;7.0;4.0;4.0;2.0;5.0;4.0;4.0;5.0;5.0;5.0;2.0;2.0;4.0;1.0;0.0;0.0;1.0;1.0;0.0;3.0;99.5;3;7.0;7.0;0.6
67.0;1.0;GO;18.0;1.0;1.0;4500.0;4.0;2.0;3.0;2.0;3.0;7.0;7.0;3.0;7.0;5.0;4.0;5.0;5.0;5.0;5.0;5.0;4.0;5.0;5.0;5.0;4.0;1.0;1.0;1.0;1.0;0.0;1.0;1.0;0.0;4.0;85.5;3;5.0;7.0;0.5
55.0;1.0;BA;9.0;0.0;0.0;1500.0;3.0;1.0;2.0;4.0;1.0;0.0;2.0;3.0;6.0;0.0;4.0;2.0;4.0;3.0;5.0;2.0;2.0;5.0;4.0;4.0;2.0;2.0;3.0;1.0;0.0;0.0;0.0;1.0;0.0;2.0;48.0;3;6.0;7.0;0.6666666666666666
41.0;1.0;PE;16.0;0.0;0.0;4500.0;2.0;1.0;7.0;7.0;7.0;7.0;7.0;0.0;7.0;7.0;7.0;4.0;4.0;5.0;5.0;4.0;2.0;5.0;4.0;4.0;4.0;4.0;5.0;1.0;0.0;0.0;1.0;1.0;0.0;3.0;110.5;3;7.0;7.0;0.5
60.0;0.0;PE;12.0;0.0;1.0;1500.0;3.0;1.0;7.0;0.0;7.0;3.0;1.0;7.0;4.0;2.0;6.0;5.0;1.0;2.0;4.0;4.0;2.0;4.0;3.0;3.0;1.0;2.0;4.0;1.0;0.0;0.0;0.0;0.0;0.0;1.0;80.5;3;7.0;7.0;0.6666666666666666
37.0;0.0;MS;16.0;1.0;1.0;4500.0;2.0;1.0;7.0;4.0;7.0;6.0;2.0;6.0;4.0;4.0;7.0;5.0;3.0;4.0;3.0;4.0;3.0;4.0;4.0;4.0;4.0;3.0;3.0;1.0;1.0;0.0;1.0;1.0;0.0;4.0;93.0;3;7.0;7.0;0.5
38.0;1.0;SP;12.0;1.0;0.0;1500.0;3.0;1.0;7.0;0.0;3.0;4.0;2.0;0.0;3.0;0.0;7.0;7.0;2.0;2.0;4.0;2.0;1.0;4.0;2.0;2.0;3.0;1.0;4.0;1.0;0.0;0.0;0.0;0.0;0.0;1.0;48.0;3;7.0;3.0;0.6666666666666666
46.0;1.0;SP;16.0;1.0;1.0;2500.0;5.0;2.0;7.0;4.0;5.0;5.0;4.0;5.0;5.0;5.0;5.0;3.0;3.0;3.0;4.0;3.0;2.0;3.0;4.0;4.0;3.0;3.0;3.0;0.0;1.0;0.0;0.0;1.0;0.0;2.0;90.0;3;7.0;7.0;0.6
43.0;1.0;MA;12.0;0.0;1.0;1500.0;4.0;2.0;4.0;2.0;7.0;7.0;7.0;7.0;7.0;7.0;7.0;7.0;5.0;5.0;5.0;5.0;5.0;5.0;5.0;5.0;5.0;3.0;5.0;1.0;0.0;0.0;0.0;0.0;0.0;1.0;110.0;3;6.0;7.0;0.5
51.0;1.0;MG;16.0;0.0;0.0;1500.0;3.0;1.0;7.0;7.0;7.0;7.0;7.0;7.0;7.0;7.0;7.0;7.0;5.0;5.0;5.0;5.0;2.0;5.0;5.0;5.0;5.0;1.0;3.0;0.0;0.0;0.0;0.0;1.0;0.0;1.0;112.0;3;7.0;7.0;0.6666666666666666
42.0;1.0;GO;16.0;0.0;0.0;4500.0;4.0;1.0;7.0;2.0;7.0;7.0;7.0;7.0;1.0;7.0;7.0;7.0;3.0;2.0;1.0;2.0;2.0;2.0;2.0;3.0;2.0;1.0;1.0;1.0;0.0;0.0;0.0;1.0;0.0;2.0;112.0;3;7.0;7.0;0.75
38.0;1.0;SP;14.0;0.0;0.0;1500.0;6.0;4.0;7.0;2.0;2.0;7.0;7.0;1.0;7.0;1.0;2.0;2.0;4.0;3.0;5.0;4.0;2.0;5.0;3.0;4.0;4.0;2.0;5.0;1.0;0.0;0.0;1.0;1.0;0.0;3.0;68.0;3;7.0;7.0;0.3333333333333333
33.0;1.0;PE;14.0;1.0;1.0;4500.0;1.0;1.0;7.0;3.0;5.0;7.0;5.0;5.0;7.0;3.0;7.0;2.0;3.0;3.0;4.0;4.0;2.0;3.0;2.0;4.0;4.0;4.0;5.0;1.0;0.0;0.0;0.0;1.0;0.0;2.0;85.5;3;7.0;7.0;0.0
21.0;0.0;PE;14.0;1.0;1.0;27500.0;4.0;2.0;7.0;5.0;7.0;7.0;7.0;7.0;7.0;7.0;7.0;1.0;4.0;1.0;1.0;5.0;2.0;5.0;5.0;1.0;5.0;1.0;1.0;0.0;0.0;0.0;0.0;1.0;0.0;1.0;109.0;3;7.0;7.0;0.5
27.0;0.0;PE;16.0;1.0;1.0;10000.0;2.0;2.0;7.0;2.0;2.0;5.0;2.0;2.0;7.0;7.0;7.0;7.0;4.0;4.0;4.0;4.0;1.0;3.0;4.0;5.0;5.0;3.0;3.0;1.0;1.0;0.0;0.0;1.0;0.0;3.0;90.0;3;7.0;7.0;0.0
60.0;0.0;CE;16.0;0.0;1.0;8000.0;3.0;3.0;7.0;3.0;6.0;5.0;7.0;7.0;6.0;6.0;7.0;7.0;3.0;1.0;3.0;4.0;2.0;3.0;2.0;3.0;1.0;1.0;1.0;1.0;1.0;0.0;0.0;1.0;0.0;3.0;103.0;3;7.0;7.0;0.0
32.0;1.0;CE;11.0;0.0;1.0;1500.0;5.0;2.0;3.0;0.0;7.0;3.0;2.0;3.0;5.0;3.0;2.0;5.0;4.0;4.0;3.0;2.0;2.0;3.0;2.0;4.0;2.0;4.0;1.0;1.0;1.0;0.0;0.0;0.0;0.0;2.0;75.5;3;3.0;7.0;0.6
